Index,2018,2019
0,4.709518476,4.23874053
1,43.520282669,56.979873563
2,49.258267108,58.065101264
3,127.597395339,154.12739556
4,30.895838251,31.319677843
5,27.943363554,27.943363554
6,28.065933211,30.437006666
7,44.869040916,61.900254907
8,34.45854061,31.420071941
9,52.54997635,52.54997635
10,9.299279319,9.194975595
11,7.274044554,8.185004043
12,7.795201252,7.053897216
13,0.153030281,0.153030281
14,0.606752441,0.606752441
15,23.844601492,21.180137353
16,91.484173791,87.916433937
17,150.198038112,150.198038112
18,122.900365588,128.45059675
19,60.761607847,67.520912444
20,65.33346133,111.861804255
21,102.518375933,95.676183788
22,102.390253871,93.172864941
23,111.148941,111.148941
24,107.174706913,102.533251725
25,100.081411447,111.763336246
26,44.186012855,44.186012855
27,33.668053404,33.668053404
28,2.989308989,1.990708008
29,0.204687722,0.243564661
30,29.89868927,29.89868927
31,91.269295924,96.262150108
32,145.3522279,137.850892745
33,145.178749993,202.56195769
34,128.88225366,128.88225366
35,96.021803512,102.407766433
36,159.097884786,159.285175979
37,110.482454923,124.441892949
38,318.80945621,348.98929634
39,68.067778503,68.067778503
40,110.036893677,113.407105821
41,52.877023698,71.037771352
42,95.765407562,95.765407562
43,24.995603268,19.346571029
44,4.269657714,2.376921437
45,0.260096667,0.260096667
46,0.546767731,0.450445971
47,18.165365288,18.486825365
48,108.070544599,95.998905144
49,102.989772064,102.989772064
50,107.99571102,107.99571102
51,37.146567971,55.400053348
52,107.3855286,107.3855286
53,125.400253385,153.934537691
54,84.493719048,114.28304029
55,109.967464833,111.449005722
56,270.6657558,287.7033534
57,76.724058478,87.41347128
58,104.630848269,104.014463074
59,108.085610847,109.738207109
60,51.922008381,77.001892368
61,16.74709794,14.305090187
62,7.467584372,7.467584372
63,18.925147583,12.720482338
64,11.222646594,10.592499705
65,7.627391209,7.634763069
66,7.661355778,9.380277198
67,0.472395145,0.507391035
68,0.259050074,0.052639219
69,6.158761959,7.369719214
70,110.216996512,111.529957987
71,110.843318207,110.843318207
72,108.821642947,108.821642947
73,117.761719059,121.975034178
74,161.807019035,167.46285397
75,188.588143643,188.588143643
76,130.4949036,130.4949036
77,110.260735732,113.216824021
78,150.402696176,207.183260772
79,116.305689804,131.132240619
80,94.608238281,120.457162304
81,41.958763768,44.374392032
82,55.09320865,59.573650049
83,26.845013094,26.839037797
84,53.285596324,48.530959464
85,16.342921841,29.578264491
86,6.917353253,4.847032715
87,18.600073428,20.919431009
88,58.004509092,61.711319214
89,9.836816123,10.425384531
90,0.138630843,0.142058459
91,0.280320032,0.874704316
92,52.423475211,50.646539818
93,147.428996716,148.531234025
94,127.121961741,149.137195499
95,84.203802369,84.203802369
96,135.30137338,131.241979485
97,123.837265704,176.22778122
98,124.195974811,124.195974811
99,101.552107624,145.446208912
100,115.235214579,113.561073958
101,182.996199739,182.100312946
102,167.012686371,174.779078863
103,95.22830867,125.246939061
104,130.798473141,130.815210858
105,143.9510919,149.560868614
106,124.095615565,124.095615565
107,69.377284142,74.424667387
108,7.729452407,7.814362207
109,5.439899921,5.945507526
110,3.720156909,4.210585119
111,6.039840598,6.039840598
112,7.251074188,6.125627845
113,22.871275711,22.902401553
114,16.755921033,18.369292431
115,1.527310143,1.615269701
116,0.028057363,0.028751061
117,0.474906903,0.451724411
118,33.599018036,43.508581262
119,69.041395719,103.662349616
120,69.228849716,82.25621414
121,108.809494,108.809494
122,194.199490606,185.144026566
123,119.016299844,116.426892788
124,154.922039672,205.26253294
125,132.568025257,132.568025257
126,130.03916414,129.01739998
127,122.987424591,121.123581976
128,130.387873652,130.387873652
129,164.638319341,164.638319341
130,169.669781829,154.852099271
131,108.056450475,100.35103725
132,115.190917556,112.42053881
133,136.711351677,128.857469944
134,45.374800968,47.585152722
135,39.59317398,39.59317398
136,8.174283142,7.945814081
137,5.965525851,5.965525851
138,14.108848345,10.406982251
139,40.478108049,40.478108049
140,12.279260423,11.111847362
141,1.366304446,1.377784702
142,0.173860901,0.198355274
143,29.325351141,30.507709984
144,62.665036495,84.635112943
145,94.740434651,98.418927131
146,123.277461948,123.277461948
147,161.183919414,159.79660758
148,132.831849797,162.130413087
149,115.861197588,115.324633917
150,127.6153336,127.6153336
151,121.4202271,121.4202271
152,114.199219017,150.733278859
153,143.700232831,146.670992142
154,172.140767676,161.30725536
155,186.506410924,179.29166441
156,147.537730884,92.39421652
157,87.04948397,62.182227558
158,159.191102715,158.968623558
159,106.072333367,106.072333367
160,54.105217327,54.105217327
161,12.040713152,10.269006747
162,10.561670847,16.048432423
163,89.397997075,100.966363035
164,182.6812912,182.6812912
165,59.039188999,75.195787929
166,45.3204689,45.3204689
167,0.182901353,0.182901353
168,0.325306646,0.325306646
169,15.901176811,15.901176811
170,73.324306401,77.088088501
171,120.75868988,140.651137347
172,78.921195783,109.646957337
173,128.294723515,128.294723515
174,121.659085888,128.603616823
175,86.992066099,106.481170492
176,111.169062665,116.23316312
177,91.251571023,81.936245891
178,138.878509529,134.82972204
179,161.153774924,161.153774924
180,162.2866821,162.2866821
181,102.077493771,50.609225608
182,98.480894773,98.480894773
183,106.225061429,106.225061429
184,90.591111632,92.084065469
185,63.757639745,76.678763836
186,79.263201007,80.841661283
187,56.755164655,55.312593648
188,11.722392813,11.775077679
189,100.952718271,93.137528558
190,331.35785338,415.417555625
191,246.736171447,220.35799785
192,53.097894121,47.90787731
193,28.426594356,36.363825138
194,2.47450909,2.47450909
195,1.619900334,1.564297899
196,0.475311045,0.465782977
197,2.11455965,2.11455965
198,3.676079385,3.676079385
199,3.363888192,8.199194929
200,21.013471334,21.389853433
201,19.725744679,19.725744679
202,3.529881239,3.529881239
203,0.0226834,0.034666928
204,0.023527228,0.030644327
205,0.00110444,0.001606775
206,0.071521432,0.021339802
207,2.29047811,2.822030663
208,75.295859952,76.420275576
209,69.88315209,69.88315209
210,33.351195112,14.969823493
211,58.44480132,44.56542967
212,184.6444091,164.3429564
213,155.127625205,155.127625205
214,101.327520476,103.928692071
215,74.193461787,71.115368645
216,131.197068992,103.894451346
217,17.58699038,102.41431432
218,119.399797181,65.686164741
219,117.16639614,69.667752042
220,155.53167884,92.074064879
221,145.144503112,138.141633028
222,138.900732404,135.959031458
223,154.428776914,152.831046283
224,140.559449298,148.071979949
225,169.401598124,161.327175784
226,112.954667275,112.943629322
227,161.807569238,174.760353746
228,238.101167282,287.681086363
229,369.015644392,384.905935597
230,275.837360068,278.525696912
231,72.89162657,72.89162657
232,20.086040011,28.010505994
233,18.753941273,13.586876034
234,8.634189693,2.594840222
235,1.39680288,1.295092368
236,18.44620248,18.44620248
237,16.71157195,4.492427148
238,15.978718032,16.196361041
239,15.862576213,16.064483357
240,25.391535213,25.391535213
241,112.93563886,113.982043945
242,59.67201614,59.67201614
243,3.105597973,3.105597973
244,1.077613815,1.103810041
245,0.021791579,0.007342002
246,2.30478495,1.238281852
247,4.536930586,4.536930586
248,16.486982871,16.486982871
249,81.07722473,86.91680145
250,65.064267158,65.064267158
251,96.547271642,92.09556334
252,167.181493754,167.181493754
253,82.1652831,16.7640837
254,69.950804355,37.322975967
255,94.68751526,94.68751526
256,90.071834134,71.465003662
257,44.1127167,59.4571838
258,176.030160499,139.570956855
259,161.030408841,144.703195177
260,216.081878304,216.081878304
261,76.0425111,2.8087923
262,178.396901437,177.824819327
263,199.859200945,210.629785153
264,148.780688134,150.406947423
265,182.120159089,172.673936778
266,225.182959735,225.182959735
267,156.423304792,156.188513283
268,244.917583565,257.393551927
269,264.924653021,275.774980442
270,231.068870645,237.798384283
271,276.823173405,295.651663038
272,220.551698074,241.170776504
273,42.890630721,42.890630721
274,55.121515818,55.06295586
275,9.000897857,9.980132298
276,0.000653548,0.000653548
277,2.408242312,3.764883437
278,11.68368721,11.68368721
279,1.839925253,2.433171445
280,0.120318892,0.12096492
281,0.003168522,0.003942984
282,11.182659245,11.182659245
283,181.11615181,201.4404068
284,0.368541727,8.303237476
285,0.253125584,0.255161684
286,23.31003285,29.12874032
287,30.07496159,30.806860725
288,23.889254158,19.708858221
289,3.184025833,12.401926266
290,4.944424875,0.160997756
291,6.327413079,10.532962649
292,23.03854366,99.66336814
293,12.26662444,36.71361544
294,56.7851716,7.0993196
295,43.508672212,6.083166378
296,111.203787678,67.663527456
297,99.270401,45.3141327
298,118.9672395,64.4533846
299,151.489975,110.2008515
300,100.3424988,16.1793366
301,265.129451707,129.955685358
302,189.080126876,191.230967553
303,214.549146603,208.395737614
304,186.0530033,186.0530033
305,182.077411314,167.683833336
306,209.362097424,223.088004342
307,184.359035057,171.10373156
308,216.383759466,191.629004187
309,462.047095687,418.776333001
310,272.333070288,254.430444501
311,254.636738278,312.405875358
312,78.828481625,85.129673683
313,114.863789503,122.937361498
314,77.086979647,57.990761704
315,15.827063561,15.827063561
316,0.576595724,0.576595724
317,0.929475904,0.929475904
318,0.868474007,0.868474007
319,8.820519447,8.820519447
320,10.997237429,10.70557308
321,5.137461708,5.76231341
322,22.723880612,23.231070216
323,58.901573532,55.340017233
324,80.42804169,80.42804169
325,27.05689812,27.05689812
326,0.662032783,0.662032783
327,0.01031168,0.01031168
328,0.852684062,0.852684062
329,0.545566378,0.545566378
330,0.437456648,0.248955973
331,12.428532854,8.137256979
332,13.030932581,13.030932581
333,71.175657111,91.510471226
334,110.281628351,110.281628351
335,29.05924226,7.62084196
336,141.8403016,136.9816133
337,211.7358398,181.6111297
338,135.47276676,85.256388962
339,107.9888,47.14682
340,1.1924743,140.342682
341,138.2929077,76.4642334
342,75.2533263,11.2930605
343,195.887322785,154.300697415
344,194.045795635,182.406165938
345,234.469174744,235.152574789
346,172.6775513,172.6775513
347,212.20238287,217.603003461
348,264.059667426,289.757767219
349,222.417483278,230.095180547
350,170.441655236,158.274232116
351,443.165998884,434.509282567
352,233.671772024,255.550648619
353,83.767809349,112.14227459
354,52.288035572,54.887389073
355,177.340500579,177.340500579
356,168.228914702,176.872628824
357,38.16861725,38.16861725
358,24.99308777,24.99308777
359,0.164607685,0.134738028
360,0.11778482,0.11778482
361,0.11005456,0.11005456
362,0.844103937,0.844103937
363,1.619234099,1.619234099
364,8.898064993,8.898064993
365,11.209524356,11.209524356
366,1.526017701,1.526017701
367,35.05107498,35.05107498
368,110.388839966,126.413008648
369,60.48755604,67.701640831
370,28.46438599,28.46438599
371,23.005970262,3.001770302
372,25.61842728,25.61842728
373,4.100283146,4.100283146
374,1.70751965,1.70751965
375,26.175122535,26.175122535
376,96.743979307,87.172414573
377,136.819208894,143.805332392
378,167.855513374,167.855513374
379,148.064652438,148.064652438
380,295.773683501,302.363788434
381,81.7761993,9.5965728
382,37.64245608,17.93278498
383,51.6167144,9.9270631
384,72.1342011,35.5114289
385,49.0216523,2.3053664
386,140.4299317,125.0106965
387,118.803671423,115.175938747
388,174.972344717,205.389061653
389,212.5023804,208.2957459
390,192.609809262,174.848069136
391,177.723366987,177.266868622
392,160.610959567,160.9850511
393,204.003025409,214.257198928
394,234.440574302,255.485497236
395,176.291805263,172.877414088
396,419.703437373,448.321093965
397,106.5649567,106.5649567
398,70.639893303,74.131053649
399,132.200535147,132.411753306
400,93.948649628,93.948649628
401,140.717069797,145.537360481
402,33.943256248,42.525136958
403,3.466183186,3.466183186
404,0.556534176,0.556534176
405,1.098027914,0.993680119
406,0.045581911,0.045581911
407,2.040894412,2.040894412
408,1.967210322,2.102322558
409,3.406524972,3.38590242
410,15.369070976,15.369070976
411,7.63756184,4.402496431
412,0.849545142,0.972838472
413,0.699071626,0.753669275
414,0.004426583,0.005825217
415,0.038036088,0.076384393
416,48.305112402,48.305112402
417,82.737600185,79.179288416
418,100.17793438,86.252892551
419,71.860830407,71.968679564
420,15.059194414,12.933080369
421,39.495545127,37.390309765
422,67.73326111,67.73326111
423,23.286519292,24.400343423
424,4.433230319,4.451283676
425,2.294148684,2.294148684
426,2.209518162,2.291130725
427,17.862284378,17.862284378
428,115.098574556,95.407360267
429,208.575610362,169.980237314
430,146.176360858,146.176360858
431,197.1501407,223.444110998
432,86.4658965,24.1520384
433,120.965896332,120.965896332
434,97.032732758,98.922069318
435,143.788343441,152.443454769
436,88.6152649,41.3168793
437,216.850313735,211.153946542
438,144.776194346,168.378018257
439,182.193914218,161.310110609
440,195.515308479,191.347618259
441,115.6797333,49.636261
442,265.046100727,240.682943543
443,169.616726793,169.616726793
444,113.75499585,120.243722055
445,157.799854111,124.13992608
446,330.5996377,348.528400874
447,248.00808534,265.261414802
448,133.768923521,133.768923521
449,174.251811046,155.873872314
450,135.3798523,135.3798523
451,121.253555078,121.253555078
452,152.85281064,152.268918741
453,104.716828824,105.487922321
454,75.445418171,86.697362329
455,0.079290886,0.061138585
456,0.277358889,0.213862299
457,0.53495221,0.53495221
458,4.358003527,4.358003527
459,5.594962989,5.594962989
460,18.777828485,18.777828485
461,1.78390883,1.65847035
462,3.240475416,3.240475416
463,45.9753418,45.9753418
464,8.985139827,17.98225958
465,43.659683942,43.659683942
466,25.972378508,41.961596534
467,2.220254258,2.240869656
468,33.085820043,33.085820043
469,4.110824135,4.112185062
470,0.233855472,0.233855472
471,0.508266252,0.508266252
472,20.3600769,20.3600769
473,11.840585567,11.840585567
474,25.260309743,25.315765397
475,34.89614678,39.5605774
476,1.946342588,2.100392223
477,16.958470879,16.958470879
478,47.42217359,47.42217359
479,14.684135198,14.684135198
480,1.797180118,1.797180118
481,1.193980694,1.193980694
482,9.211435324,9.113289262
483,196.361020753,175.97942602
484,310.910758014,266.411930276
485,281.088497942,244.645590358
486,172.958586795,139.103615415
487,394.251502622,336.651042982
488,213.738243726,255.008417872
489,138.210992008,141.214213772
490,168.039435107,165.828399848
491,212.339013438,189.406569956
492,241.694562388,251.266803421
493,253.499976017,247.665925998
494,265.237198448,260.196667884
495,252.2157135,252.2157135
496,228.784644034,228.784644034
497,220.556432723,219.057745514
498,173.01685305,150.660070415
499,193.761985457,199.427398013
500,236.20645557,266.109403883
501,295.950848006,308.660784792
502,333.659429098,350.634837197
503,196.659239577,196.659239577
504,145.173616134,144.957285009
505,92.13347626,92.13347626
506,102.058503905,118.45893598
507,125.098025169,122.830206287
508,132.393705668,119.070387219
509,118.133461798,118.133461798
510,19.17598343,19.17598343
511,4.88234521,1.53688143
512,2.411657994,1.997595028
513,0.066699106,0.05142948
514,1.503540022,1.5293515
515,1.603527069,1.603527069
516,1.309449792,1.309449792
517,0.111298267,0.111298267
518,6.275596065,6.275596065
519,28.453769686,19.742019891
520,8.684015233,7.942428184
521,2.745002031,2.745002031
522,0.518242167,0.519215866
523,0.000163556,0.00018231
524,0.088377878,0.088377878
525,3.235862287,2.72936761
526,22.556147663,15.388932791
527,48.956536991,48.956536991
528,2.363638124,2.493267602
529,44.020537924,47.086273501
530,21.22298241,21.22298241
531,20.746180184,20.471959134
532,30.667817024,30.667817024
533,108.460315689,108.460315689
534,32.816674102,32.968492585
535,39.392722237,39.392722237
536,78.379016723,81.551542175
537,55.69576645,55.69576645
538,15.23097178,13.31182872
539,2.466475943,2.466475943
540,21.203202711,17.497043907
541,24.877065401,24.877065401
542,0.048812206,0.023759784
543,19.078881984,19.699632879
544,271.274073035,219.016805317
545,206.704780168,248.051463227
546,354.339894908,402.163949676
547,403.321704465,419.495898459
548,286.112204612,222.371391123
549,195.360462212,195.360462212
550,217.450679785,209.117454153
551,236.080813902,236.080813902
552,214.636646056,207.402302629
553,181.547271178,207.920695338
554,259.432550731,259.432550731
555,263.928942463,263.928942463
556,276.844275768,209.515829764
557,199.000027623,155.947671138
558,187.426039378,187.426039378
559,259.675882244,209.902894769
560,292.533733995,288.412516409
561,233.740008736,267.114757293
562,230.500243106,293.269027812
563,176.330545516,202.948478523
564,186.764513984,186.764513984
565,131.928409669,123.77561441
566,118.042887327,119.626599708
567,156.215435859,149.131910275
568,193.384133371,220.668857921
569,75.116920124,57.709197866
570,21.53723717,21.53723717
571,22.39606822,16.844504168
572,4.955074125,4.955074125
573,1.375322223,1.375322223
574,4.866955739,4.987881624
575,7.52492094,7.52492094
576,2.472407341,2.472407341
577,2.236347437,2.236347437
578,27.85640335,27.85640335
579,13.594908307,13.563766186
580,2.434432745,2.434432745
581,2.853054285,2.853054285
582,5.823806485,7.514948256
583,12.850058141,12.697303101
584,0.26355452,0.258800366
585,2.137336588,2.106093858
586,3.940368502,3.940368502
587,33.185228552,30.081932473
588,28.954641656,28.954641656
589,83.7279129,83.7279129
590,97.356445685,95.800963238
591,71.27954313,72.181418995
592,30.052857057,22.983226472
593,114.010584806,114.010584806
594,61.56468964,61.56468964
595,27.937409132,41.764704527
596,184.657328964,184.657328964
597,180.76301418,149.011088478
598,51.903134537,40.108590722
599,5.243033402,16.956033723
600,56.372708329,51.693409115
601,4.658992802,2.720624515
602,0.001389321,0.001389321
603,0.36422181,0.391478523
604,111.893192954,104.44504107
605,270.473326886,261.568468485
606,445.50813291,470.036234969
607,312.313115832,317.329776935
608,225.565312265,206.382871016
609,212.155349738,212.155349738
610,206.077848475,176.740849093
611,225.945238894,225.945238894
612,163.569140026,172.10098797
613,126.475260814,120.752556624
614,155.670416161,148.731419016
615,212.496296592,212.496296592
616,269.85160121,222.294613681
617,166.49122757,166.57939853
618,209.665845423,209.665845423
619,175.534877417,170.001608588
620,192.753990523,200.235675765
621,135.637632414,172.126693623
622,218.298501261,183.018997851
623,167.584535849,182.528347456
624,150.258334347,153.671186853
625,183.491351705,172.304407302
626,50.56132507,50.56132507
627,101.783303952,101.783303952
628,104.015074447,104.015074447
629,92.587515738,92.587515738
630,52.212595354,52.212595354
631,30.63242912,30.63242912
632,10.11940289,10.11940289
633,27.066888763,30.16266947
634,23.653287723,24.002412466
635,4.727131637,4.871878113
636,14.67823982,14.67823982
637,78.01919556,78.01919556
638,7.405749321,7.405749321
639,39.718759337,33.667695636
640,12.362658309,24.845498492
641,20.427014648,18.676433934
642,22.533476289,22.533476289
643,8.029468536,8.029468536
644,41.927300895,17.241402827
645,33.925882294,33.925882294
646,7.968952491,7.618024349
647,61.320296272,61.320296272
648,10.462932227,8.358975031
649,18.55085733,23.840013524
650,33.49515533,33.49515533
651,60.974572124,46.211942412
652,9.610168431,13.833128485
653,77.187479272,77.187479272
654,17.263919235,17.263919235
655,9.988018036,9.988018036
656,10.42605782,10.42605782
657,0.273125054,0.319922573
658,56.949815551,56.949815551
659,131.369664616,131.369664616
660,20.583901298,20.583901298
661,0.548492266,1.236929078
662,0.502682447,0.502682447
663,0.9600925,0.930117048
664,11.327831644,11.040678332
665,27.6956129,35.75072669
666,19.363971776,19.364040501
667,3.023503305,3.023503305
668,8.191394466,7.090743616
669,1.520340087,2.229662235
670,20.42492104,24.12597466
671,146.030275807,148.730637268
672,266.411167707,312.636099753
673,341.352810986,392.013918448
674,251.433157889,266.48382424
675,321.851586747,260.461664827
676,190.287694549,183.268766964
677,150.135175914,149.685875698
678,139.6024551,145.4662933
679,153.36341024,148.815565581
680,122.758392836,90.327881625
681,178.680997303,139.787066182
682,134.436751129,119.904100985
683,69.044193518,77.994450979
684,210.774227555,148.942691367
685,163.87112252,187.575287617
686,189.033098918,189.033098918
687,139.922258884,101.332274806
688,166.268625534,183.116783289
689,93.148965909,65.424077645
690,213.341580488,214.627635903
691,216.018141922,215.899244829
692,71.914677498,71.914677498
693,60.516992931,60.516992931
694,43.319983432,43.320634745
695,85.92857625,89.258734457
696,87.346006632,87.346006632
697,92.98397827,92.98397827
698,42.452867744,42.452867744
699,60.727821556,60.727821556
700,43.41708374,43.41708374
701,10.584370326,11.045742537
702,0.814159744,0.814159744
703,0.693145075,0.693145075
704,1.367158875,1.367158875
705,33.540450119,31.157720811
706,56.909297465,56.909297465
707,36.805734382,37.313615396
708,36.7697258,36.7697258
709,28.54877019,28.54877019
710,14.038392772,14.038392772
711,27.922282738,27.357812664
712,67.62286377,67.62286377
713,18.251918983,14.536235176
714,1.127379157,1.127379157
715,17.412697401,17.412697401
716,3.796326842,8.046146033
717,9.980270386,9.980270386
718,5.604198781,5.44265455
719,16.323634115,18.275386403
720,64.684574757,64.684574757
721,9.001052882,15.931101201
722,5.020583686,5.020583686
723,0.013848164,0.013835387
724,0.023078024,0.023078024
725,0.296192765,0.296192765
726,3.953535887,3.953798001
727,91.769379129,91.775811177
728,135.088904063,135.070981326
729,83.02619171,83.02619171
730,185.7462769,185.7462769
731,187.9098816,187.9098816
732,214.361654919,208.570205244
733,253.844120149,246.895561995
734,182.245155216,177.071716375
735,282.97114573,211.866054736
736,127.30884507,107.388810591
737,186.092612617,159.477548333
738,91.888919044,115.981027456
739,28.830241954,32.965771711
740,34.313435977,28.79363274
741,146.293493365,153.135774552
742,267.429986383,310.058729167
743,236.371351197,236.371351197
744,238.845363625,238.845363625
745,190.610605998,189.27159795
746,134.42350834,108.692621678
747,149.793366383,169.497054933
748,162.404824117,162.404824117
749,106.914683259,57.75872254
750,61.211290092,61.211290092
751,66.093024732,55.538205247
752,97.728343961,97.728343961
753,158.381161757,131.132878622
754,238.312681594,198.184219587
755,172.087915425,172.087915425
756,100.163421372,100.163421372
757,162.0280151,162.0280151
758,167.207851276,149.124046531
759,98.214781024,85.734853688
760,138.518482143,156.92061902
761,64.144130578,69.489338164
762,57.48247147,57.48247147
763,74.571952464,74.574515587
764,85.764654027,85.764654027
765,66.147972109,66.147972109
766,70.955885175,77.31323334
767,48.19719932,48.19719932
768,126.698384514,165.805006757
769,49.9251976,49.9251976
770,12.234268562,12.234268562
771,21.617056817,21.617056817
772,12.176355808,12.316386073
773,0.00700566,0.006759607
774,3.736710322,5.146520981
775,59.926526442,50.506359239
776,46.20794296,46.20794296
777,12.45156193,12.45156193
778,9.523165703,9.523165703
779,2.107195241,0.92344376
780,15.638332846,15.638332846
781,32.635418776,32.635418776
782,12.508186162,12.508186162
783,2.559967842,3.243580253
784,12.915583984,12.915583984
785,8.379278183,8.379278183
786,5.449555874,5.449555874
787,7.367471695,7.367471695
788,27.295071637,26.135174602
789,22.77512271,22.77512271
790,3.626208928,1.599965444
791,0.683470094,0.665679977
792,224.0940704,224.0940704
793,769.1560059,769.1560059
794,527.496257577,528.460044454
795,380.38932868,380.78366226
796,680.1408691,680.1408691
797,544.4949341,544.4949341
798,448.033352452,448.656365505
799,477.782187869,478.678328338
800,420.466554495,422.18417709
801,205.661300406,240.644142756
802,181.08203015,226.699728354
803,322.867415257,322.753203911
804,319.376448381,287.05854682
805,99.201990431,124.26825361
806,98.35939742,77.247461328
807,117.115877278,128.705318953
808,119.391981442,92.351496196
809,179.151212765,198.596661906
810,281.115006259,281.115006259
811,290.027830231,230.875053043
812,280.259903262,238.636795059
813,190.929235554,146.339338081
814,162.516780386,182.284478886
815,124.288796355,124.288796355
816,17.37151909,17.37151909
817,1.262833102,1.877116272
818,97.792377854,97.792377854
819,169.41692229,169.41692229
820,117.764067265,116.158509235
821,104.584184221,99.030853114
822,135.111066646,159.530129275
823,199.488699126,164.968374013
824,241.41903295,302.628533619
825,150.629012838,150.629012838
826,76.757179698,76.757179698
827,76.09445305,75.474932137
828,91.8833313,91.8833313
829,84.35275269,84.35275269
830,64.447248549,62.348404494
831,33.874527106,35.566452115
832,47.54753685,56.55484009
833,133.92606344,161.37287888
834,26.885493904,27.486327468
835,11.21866512,11.21866512
836,9.706971674,7.125416197
837,22.93314769,16.650644698
838,6.892708778,6.892708778
839,0.024478273,0.023620296
840,3.383951926,1.816836575
841,21.49926567,21.49926567
842,11.03176689,11.03176689
843,15.88436127,15.88436127
844,43.73127747,43.73127747
845,30.52135658,30.52135658
846,43.60821915,43.60821915
847,21.974903857,21.974903857
848,9.868994713,9.868994713
849,6.094744559,6.094744559
850,1.639760852,1.639760852
851,14.102822448,14.102822448
852,0.559651048,0.4639802
853,1.732948517,1.732948517
854,85.37456241,105.361335138
855,7.705509389,5.079365047
856,16.510318224,17.409785158
857,489.6257019,489.6257019
858,883.6917114,883.6917114
859,653.605835,653.605835
860,555.8557739,555.8557739
861,594.222233381,595.798775861
862,692.037193916,694.451951332
863,476.614404222,477.459155144
864,465.9560852,465.9560852
865,215.72554918,191.589732131
866,330.099192699,364.616360064
867,253.198716418,285.655909643
868,170.805998678,197.043507048
869,319.422353174,287.925265252
870,196.351549815,164.654460621
871,278.232840019,255.086324671
872,106.425540059,118.205747815
873,49.907351641,50.237296162
874,192.840006927,243.281032421
875,229.29021794,234.031177592
876,280.773900227,279.260012461
877,284.33813483,259.612986099
878,216.855712611,192.957992914
879,271.089392573,224.406245721
880,141.773088665,134.943753612
881,49.518862087,45.779088698
882,42.46440827,22.880606242
883,164.452905979,163.415794757
884,223.721329164,223.722069488
885,157.391193699,148.901545709
886,252.349119751,218.174865642
887,179.560228656,208.384050273
888,151.381677139,151.122042677
889,245.887421085,240.888023904
890,213.118444696,175.942383362
891,144.093912258,93.285062562
892,110.940640198,110.940640198
893,162.8993606,192.4084319
894,153.37013242,182.71840664
895,181.1920318,229.5230712
896,110.945486646,121.071541011
897,95.87498474,95.87498474
898,85.69452617,78.100460228
899,8.289104461,7.522775649
900,0.496044157,0.566550031
901,3.640692155,3.640692155
902,4.608560709,4.608560709
903,1.018046968,1.058585621
904,0.012473964,0.012473964
905,14.899630305,1.424379364
906,69.03610229,69.03610229
907,115.776638165,110.179374181
908,142.7844696,142.7844696
909,181.305165245,148.564986976
910,62.20345688,62.20345688
911,67.823080397,38.274338663
912,6.61042022,6.36277772
913,33.735023521,32.752298243
914,0.668189103,0.668189103
915,0.206827618,0.249936923
916,9.905332601,6.564706994
917,1.55986176,1.01193023
918,9.600496119,9.600496119
919,172.598890685,195.741127656
920,543.085924062,543.085924062
921,880.6994629,880.6994629
922,797.3162231,797.3162231
923,549.9771118,549.9771118
924,492.2460938,492.2460938
925,185.277172837,185.328347774
926,224.8195496,224.8195496
927,317.478066216,412.749703497
928,169.111636506,189.770041946
929,674.036048643,610.310834992
930,322.838438623,358.608349204
931,266.960998228,283.632779538
932,307.939778356,330.889668974
933,116.791650032,125.916989508
934,339.302568639,318.919670086
935,141.053358505,170.417211132
936,172.922220816,177.005055632
937,82.821014601,82.821014601
938,154.27550194,154.27550194
939,309.858033005,270.510483284
940,242.823630192,243.782189055
941,243.965053061,241.813195446
942,255.957407547,259.263224864
943,155.572882469,155.281485999
944,157.228837304,153.312838487
945,187.350771829,187.350771829
946,187.3986664,173.0964966
947,197.326255137,201.166349974
948,203.282211289,186.778037637
949,288.733604858,276.6240958
950,203.222430862,228.999784789
951,182.527217512,192.445504945
952,180.874827149,194.76787366
953,216.838869637,206.856640185
954,194.028492536,170.547138646
955,128.134348166,134.02771148
956,150.21945182,184.54907214
957,73.926907217,78.736245465
958,109.799656454,106.181668598
959,92.928795338,103.418491211
960,123.925581271,136.222688219
961,41.199508157,42.481326034
962,23.06790764,22.47760643
963,10.582938636,10.582938636
964,5.165800564,5.305457926
965,1.526147735,1.526147735
966,9.852334852,10.087990511
967,6.747635578,7.085678457
968,6.962238217,6.964140769
969,0.014013031,0.014013031
970,5.269842625,5.269842625
971,12.5099535,12.5099535
972,18.628563898,14.774825862
973,72.172120024,72.281685309
974,32.583943908,32.583943908
975,15.466353628,15.466353628
976,5.782622184,3.629567793
977,6.555968672,6.555968672
978,0.006102532,0.020213868
979,3.422098454,3.422098454
980,141.967289581,141.967289581
981,177.740483093,348.271143632
982,145.277736996,360.500079274
983,664.420514316,671.477381132
984,427.999526898,428.567443696
985,115.1618576,115.1618576
986,99.29561615,99.29561615
987,238.712586815,238.82644923
988,212.142909608,187.132367797
989,98.035728888,108.003913772
990,202.214579223,202.214579223
991,339.49047446,299.604223892
992,210.568469777,191.737987268
993,215.324915185,209.428634725
994,211.737684156,216.430522712
995,255.255534301,288.86117295
996,291.554439202,266.102221058
997,131.663260966,132.338366163
998,337.659310474,331.519979442
999,241.832019281,292.566845945
1000,48.60927965,39.499136317
1001,251.988702762,251.988702762
1002,308.548563543,308.139485353
1003,352.129303175,253.596773722
1004,207.080012023,185.592445644
1005,240.475411005,203.457820354
1006,143.02418529,148.064165687
1007,167.8922261,157.380631121
1008,173.870517284,162.485666231
1009,189.589421149,151.001195129
1010,273.187916913,273.963343351
1011,249.905892917,225.513894473
1012,174.332257248,241.982924719
1013,235.277741865,217.584606301
1014,228.800158999,164.253570719
1015,131.705648942,189.059334005
1016,257.998483695,279.214669958
1017,67.382469815,78.841571785
1018,197.599932766,246.6250254
1019,52.180130547,67.180384562
1020,204.54608583,259.309315813
1021,76.143528338,76.143528338
1022,92.761682985,100.366761526
1023,34.09774781,33.66124345
1024,30.499458617,30.924554629
1025,20.338432141,20.338432141
1026,10.261003241,10.261003241
1027,6.495692773,6.767736168
1028,17.2524109,19.12919237
1029,12.752924931,14.035185391
1030,8.914110679,9.235574878
1031,0.005212937,0.012698531
1032,0.052296301,0.128475447
1033,23.448593857,23.448593857
1034,44.820665862,32.685021216
1035,250.842649383,250.842649383
1036,350.372400812,350.372400812
1037,339.961954058,378.626670156
1038,416.213727558,418.236811816
1039,523.9963989,523.9963989
1040,308.0440674,308.0440674
1041,82.255759075,82.26064077
1042,190.513037931,190.572096363
1043,109.335330163,94.996783758
1044,85.058942444,101.902850831
1045,161.735683226,189.438274762
1046,150.639563559,150.639563559
1047,155.874649402,187.547758849
1048,176.119501283,174.196720997
1049,265.758492419,278.896304264
1050,160.269283395,155.296791552
1051,437.944883186,417.475510428
1052,170.114385823,150.717074523
1053,254.937031924,279.706897863
1054,165.997403493,199.250084099
1055,18.672850825,19.847712337
1056,114.921740524,114.921740524
1057,159.869700272,159.869700272
1058,129.978764219,129.978764219
1059,221.566111625,211.486224021
1060,209.595341433,209.595341433
1061,149.534628599,149.534628599
1062,151.956887237,151.956887237
1063,218.845608539,171.980124088
1064,207.041587705,187.404756605
1065,194.32978002,174.419527953
1066,170.347742153,168.353882269
1067,186.179304125,186.179304125
1068,191.95363047,191.95363047
1069,165.452060476,165.452060476
1070,198.886722979,172.797589628
1071,391.467485774,404.450724655
1072,153.0123901,153.0123901
1073,191.139246574,182.909719149
1074,87.047722612,110.729474761
1075,72.361101397,84.402669939
1076,58.69290543,58.69290543
1077,93.511271972,97.055066676
1078,35.16165923,38.62590788
1079,17.115494878,17.817418734
1080,19.571878199,20.87491959
1081,16.62023735,16.62023735
1082,19.56802559,19.56802559
1083,10.571496105,10.571496105
1084,6.10034132,6.10034132
1085,1.370698338,1.370698338
1086,16.909135886,16.909135886
1087,168.293265798,168.293265798
1088,238.776817061,238.776817061
1089,78.518165356,200.036945124
1090,77.538316202,482.893464106
1091,308.731856202,308.731856202
1092,499.8390198,499.8390198
1093,529.5656738,529.5656738
1094,507.940457222,508.919732844
1095,193.049538532,193.104142964
1096,241.5360565,241.5360565
1097,186.908864889,154.306182159
1098,191.157662952,214.713824573
1099,211.499891441,225.611707878
1100,314.403663713,314.249874233
1101,191.253084317,186.865839231
1102,167.997257359,211.949747307
1103,329.618496903,284.185085898
1104,284.547814302,242.677617332
1105,101.862364004,100.954768125
1106,181.228978991,157.994104834
1107,207.94981254,207.94981254
1108,309.156468811,329.974023086
1109,46.128245182,53.158487282
1110,70.107539795,68.426325404
1111,136.924644229,136.924644229
1112,179.16069421,179.16069421
1113,267.348244098,248.274882693
1114,284.836508479,284.836508479
1115,173.661280456,173.661280456
1116,165.646608949,203.425794772
1117,272.762454667,216.479417541
1118,298.602559545,262.118071719
1119,151.267046925,151.267046925
1120,256.520566394,210.045471956
1121,237.445703618,310.940552845
1122,369.311276156,366.353853882
1123,253.922211726,209.903330465
1124,160.499568457,172.06537121
1125,220.65740667,220.65740667
1126,170.5302582,170.5302582
1127,187.800517818,208.162594144
1128,124.843979681,130.076478662
1129,93.907464582,98.396586574
1130,85.638909794,95.075621892
1131,107.705126316,111.641247833
1132,31.16321182,31.16321182
1133,23.358178687,23.053790234
1134,28.18823433,28.18823433
1135,16.975449269,18.407578906
1136,8.199409754,8.199409754
1137,7.022222843,7.022222843
1138,1.983816934,2.188698195
1139,0.021219558,0.021723585
1140,17.031137721,10.857854099
1141,164.871503625,164.871503625
1142,369.836142865,369.836142865
1143,323.488889681,323.488889681
1144,153.882084236,234.791574846
1145,275.109045147,275.109045147
1146,933.42691825,481.730463254
1147,731.6055908,731.6055908
1148,497.599465204,498.579576208
1149,401.210776314,401.781232827
1150,193.057501331,193.112164562
1151,261.3853149,261.3853149
1152,239.800879466,302.551962224
1153,181.066232166,156.530949126
1154,188.639941883,197.138892567
1155,212.1226278,199.490282275
1156,173.940562793,173.898004309
1157,136.902198302,165.511584294
1158,230.991993198,216.686624049
1159,348.615982027,314.951346871
1160,145.436255683,180.793219967
1161,235.985436872,277.228266685
1162,142.667536777,137.466986126
1163,269.630535243,213.38312452
1164,88.64587413,105.547430679
1165,151.86475371,181.39442442
1166,166.017590593,153.250676048
1167,178.349673156,178.349673156
1168,229.485678562,229.485678562
1169,228.397893145,243.756565763
1170,267.027266163,235.951254193
1171,189.018817437,175.195561923
1172,295.358222813,258.372663932
1173,328.128579269,328.128579269
1174,225.997419905,232.550474603
1175,150.378360566,175.96713464
1176,311.477008797,311.477008797
1177,334.724992762,334.724992762
1178,242.240638725,242.240638725
1179,400.613165842,400.613165842
1180,303.645009055,303.645009055
1181,251.776681406,262.907155015
1182,157.682128424,194.034682249
1183,119.614681397,117.410864524
1184,126.764868459,117.761775663
1185,107.358892471,107.358892471
1186,172.739842961,186.990648686
1187,33.91828919,35.5101204
1188,20.357010244,20.357010244
1189,18.677380057,28.600466339
1190,4.772700682,4.772700682
1191,3.081703993,2.995557999
1192,0.259201582,0.259201582
1193,0.707344887,0.787721705
1194,11.425639955,13.22332029
1195,22.217977993,14.893261068
1196,179.758853458,179.758853458
1197,277.154581843,277.154581843
1198,269.346138066,269.346138066
1199,244.860979488,244.860979488
1200,209.622132062,209.622132062
1201,253.818430397,253.818430397
1202,418.639978412,418.639978412
1203,587.174139572,370.488061657
1204,727.864784229,966.6778089
1205,349.728522558,322.008780056
1206,220.812637456,173.28738931
1207,66.6725769,66.6725769
1208,43.031290065,43.031290065
1209,92.972181116,92.972181116
1210,283.3859252,338.969879
1211,181.841120258,167.664769876
1212,228.472747286,281.754172412
1213,208.534248256,218.885249318
1214,403.385954592,363.586358568
1215,320.804625286,356.294517412
1216,294.698323255,331.135363744
1217,266.197388008,287.290448401
1218,65.403101277,72.265542895
1219,87.030960524,87.448496583
1220,23.026686658,26.716292155
1221,29.397809374,33.464493394
1222,128.375187058,128.375187058
1223,198.062525306,189.236900733
1224,247.3015442,247.3015442
1225,244.049590302,244.049590302
1226,196.911467566,196.911467566
1227,180.868338281,204.598274449
1228,254.865418041,265.659396272
1229,326.166093012,298.605603325
1230,281.490215075,281.490215075
1231,357.388972975,264.46478743
1232,420.281019066,420.281019066
1233,153.290544795,174.114281719
1234,350.751894704,350.751894704
1235,272.060271103,272.060271103
1236,203.205585279,203.205585279
1237,255.029548523,238.292669188
1238,75.904335931,83.189139979
1239,106.878551273,114.290293297
1240,138.525390823,120.850632147
1241,219.856955242,219.856955242
1242,185.474839616,213.431145207
1243,29.449521992,18.132229322
1244,21.549318554,21.549318554
1245,21.30789375,21.30789375
1246,5.059750695,5.035919333
1247,2.02853632,2.02853632
1248,2.192786932,2.192786932
1249,0.221872601,0.247067578
1250,1.938906957,2.159199137
1251,0.909905267,1.013276839
1252,7.981265143,7.981265143
1253,74.708633497,51.8548552
1254,163.614253672,81.48196851
1255,291.576318596,291.576318596
1256,312.512180135,352.8416136
1257,319.309189727,208.181317492
1258,388.838937344,440.327167637
1259,286.324307707,51.352157722
1260,284.402663699,284.402663699
1261,290.0649271,290.0649271
1262,383.321715826,273.216697462
1263,418.771354532,342.597275839
1264,235.174944625,233.943025444
1265,236.1520081,236.1520081
1266,37.125603321,37.125603321
1267,163.98747446,122.69476815
1268,339.291979163,304.384861738
1269,149.53884153,160.492262456
1270,236.023076825,229.157252279
1271,382.195918877,347.028772597
1272,326.263679586,348.758328306
1273,373.583411667,345.154004037
1274,323.156825124,382.743263511
1275,350.028939796,285.223360708
1276,107.405371298,132.534023368
1277,42.923963099,45.14471542
1278,44.050217584,44.166105813
1279,3.102256536,3.032652854
1280,105.058300019,105.058300019
1281,115.410551086,115.410551086
1282,96.22433637,75.913673059
1283,43.832257356,57.596270548
1284,196.480873209,255.599047026
1285,271.778554355,197.50415232
1286,285.918851862,285.918851862
1287,432.590223569,441.676239791
1288,397.522817284,422.946245871
1289,342.838990085,352.338277526
1290,383.135864297,410.74279999
1291,409.567691907,409.567691907
1292,127.027293305,128.461967891
1293,106.62973052,138.026098961
1294,38.063107592,28.685990647
1295,120.612508737,77.655648604
1296,155.943351742,161.789566255
1297,85.032794027,91.100744304
1298,20.1839962,20.1839962
1299,12.811652714,16.325069653
1300,131.970335058,142.233761961
1301,481.601069429,481.601069429
1302,281.407084638,277.493096995
1303,132.637026782,132.637026782
1304,36.748030531,36.748030531
1305,55.766330989,53.274932036
1306,2.556933083,2.557752635
1307,23.591690615,20.839503709
1308,15.790498695,12.952369362
1309,0.724254618,0.724254618
1310,0.072864401,0.072864401
1311,0.54245019,0.54245019
1312,4.112901967,4.112901967
1313,5.144859607,5.144859607
1314,1.721441627,1.721441627
1315,4.286949161,4.273832527
1316,0.751832272,0.837250335
1317,7.26007165,8.414804651
1318,34.857809088,34.857809088
1319,118.683791392,118.683791392
1320,327.174813768,196.090768048
1321,452.899358869,246.388831496
1322,407.528004907,407.528004907
1323,229.016935661,229.016935661
1324,69.205847118,338.523384249
1325,284.120952716,284.120952716
1326,403.210347365,342.41945826
1327,318.597294324,318.597294324
1328,224.362227912,224.362227912
1329,108.396893742,108.396893742
1330,151.136455769,151.136455769
1331,343.044901841,343.044901841
1332,130.792315246,130.792315246
1333,51.632665872,51.632665872
1334,255.339427753,255.339427753
1335,198.51429335,215.668390661
1336,144.11212726,137.887560955
1337,190.346344343,164.500800932
1338,186.140604054,237.653949694
1339,209.405580637,238.323229764
1340,293.523290733,293.523290733
1341,262.927567616,506.531006405
1342,316.535737579,336.36498575
1343,265.116643056,265.116643056
1344,119.480114367,122.863530546
1345,21.727980501,21.558590795
1346,233.649600512,233.649600512
1347,83.887012351,83.887012351
1348,26.853998906,26.771258758
1349,10.151169846,9.368039644
1350,60.626673378,62.015043511
1351,77.262971418,77.262971418
1352,121.824169619,121.824169619
1353,324.034660671,301.977591196
1354,378.049191432,374.158167248
1355,297.06064279,396.902098068
1356,357.220135387,357.220135387
1357,406.404924664,401.507492513
1358,234.516082902,234.516082902
1359,64.704537866,64.704537866
1360,26.27244496,26.27244496
1361,113.172416788,87.898357752
1362,124.406872715,122.089950278
1363,62.879953385,62.879953385
1364,88.318563293,88.318563293
1365,40.947546247,42.299311639
1366,156.855015601,140.119739452
1367,377.4427795,377.4427795
1368,268.211680308,268.211680308
1369,194.221186481,194.221186481
1370,21.733124471,21.733124471
1371,2.770819264,0.112702217
1372,2.044094086,2.044094086
1373,7.170702925,7.170702925
1374,3.572692191,3.572692191
1375,1.185430884,1.185430884
1376,23.804116408,18.329652604
1377,44.02616501,44.02616501
1378,109.090003188,109.090003188
1379,62.486417693,62.486417693
1380,23.643483294,22.683371051
1381,11.989306357,11.164086952
1382,17.06605911,17.06605911
1383,50.389644502,25.066137923
1384,183.360364595,183.360364595
1385,193.913825977,193.913825977
1386,176.032225213,98.557885664
1387,271.569093229,303.130766341
1388,245.082137275,245.082137275
1389,240.209840129,240.209840129
1390,258.902531645,258.902531645
1391,292.160771165,292.160771165
1392,230.534538412,230.534538412
1393,356.444616683,302.194135493
1394,68.735641837,68.735641837
1395,123.640787673,99.333418654
1396,172.916520904,117.399122189
1397,259.75213385,259.75213385
1398,287.460201748,287.460201748
1399,143.052514762,143.052514762
1400,182.304267878,182.304267878
1401,169.053809074,169.053809074
1402,150.670545514,150.670545514
1403,168.55261415,168.55261415
1404,161.205244478,231.275681522
1405,331.427827144,311.124555511
1406,281.076513481,281.076513481
1407,448.860065744,448.860065744
1408,337.592973009,337.592973009
1409,320.46223517,320.46223517
1410,169.068750862,256.748587669
1411,108.871736785,154.467014703
1412,216.421823965,175.807329857
1413,68.030807495,68.030807495
1414,15.475265606,15.704466067
1415,1.145347096,1.105054132
1416,2.086800529,2.516063567
1417,1.438743353,1.438743353
1418,53.201952713,53.201952713
1419,58.163876894,58.163876894
1420,164.023974095,164.023974095
1421,218.421965598,230.759183896
1422,370.513648236,483.372592679
1423,272.979685189,262.305679583
1424,304.598958539,284.294804284
1425,201.982457047,201.982457047
1426,223.753010644,236.244484671
1427,253.057556159,232.277756954
1428,242.181528088,242.181528088
1429,317.551720863,388.574614311
1430,272.118598112,273.569373866
1431,309.657856814,309.657856814
1432,320.510594779,313.41007172
1433,343.452456317,343.452456317
1434,333.158659962,326.449000826
1435,162.084197526,146.720501654
1436,58.378674377,58.378674377
1437,19.773201511,20.613743328
1438,4.346043784,4.379383132
1439,61.258600954,61.258600954
1440,152.340017483,152.243561571
1441,208.606415226,209.365158618
1442,152.197242213,149.467147219
1443,164.294473845,164.294473845
1444,88.216316446,88.216316446
1445,42.251257563,35.815111849
1446,41.560515056,28.539736547
1447,75.354806964,75.354806964
1448,79.234687022,64.630365266
1449,81.19795235,81.19795235
1450,81.610179801,81.610179801
1451,63.695380449,63.695380449
1452,59.64890753,119.493445536
1453,114.897091465,233.739041116
1454,369.18473307,414.014562963
1455,174.869248505,297.103952156
1456,202.025360441,179.645199532
1457,216.049250125,216.049250125
1458,176.023358834,173.843531842
1459,121.307997245,118.787308445
1460,227.821126071,222.748299347
1461,422.575074209,422.575074209
1462,261.862094882,261.862094882
1463,208.044092235,208.044092235
1464,154.171327691,154.171327691
1465,106.281224719,106.281224719
1466,218.789649494,218.789649494
1467,264.626453209,293.267950502
1468,204.502298247,204.502298247
1469,277.558928961,277.558928961
1470,293.840542009,306.948806891
1471,308.046507794,308.046507794
1472,309.225862505,309.225862505
1473,336.623390577,336.623390577
1474,508.188883604,508.188883604
1475,248.050372238,248.050372238
1476,74.774761022,77.167580822
1477,3.036219325,5.705120374
1478,218.044076376,216.432886063
1479,137.305340483,137.305340483
1480,148.625290678,127.298490434
1481,208.312021006,184.838220174
1482,519.048500047,549.516067493
1483,417.483110785,359.976121622
1484,466.410960191,466.410960191
1485,237.931915921,237.931915921
1486,305.420159133,283.419833944
1487,265.347207025,265.347207025
1488,314.53025325,314.53025325
1489,350.84128368,333.463404163
1490,284.876484782,284.430572234
1491,360.472380902,358.659523909
1492,352.953010027,345.648997364
1493,239.260947672,272.593279137
1494,280.651146013,282.381520067
1495,258.025846439,220.93193347
1496,213.275992431,213.275992431
1497,89.949707211,89.949707211
1498,0.83797916,0.83797916
1499,0.380694991,0.380694991
1500,49.168258344,48.795593832
1501,203.208899141,200.320564072
1502,71.342395132,62.971459393
1503,101.177141067,88.697655657
1504,173.757531472,173.757531472
1505,130.179971372,130.179971372
1506,64.760545439,64.760545439
1507,70.691478321,49.96948386
1508,40.958379984,40.958379984
1509,29.040052505,29.040052505
1510,63.1845899,82.909261037
1511,184.990260111,145.662394954
1512,271.007388737,271.007388737
1513,148.390682425,148.390682425
1514,278.022399457,278.022399457
1515,448.573435019,498.773530349
1516,61.842365414,368.987852456
1517,264.430656551,259.09831362
1518,298.20255613,298.20255613
1519,283.107989318,283.107989318
1520,286.832998756,286.832998756
1521,256.357278831,256.357278831
1522,357.600513468,357.600513468
1523,257.883751875,257.883751875
1524,179.282641891,179.282641891
1525,175.136925705,175.136925705
1526,112.076662613,112.076662613
1527,18.943223641,11.582022191
1528,65.869992858,66.046288411
1529,223.535233518,223.535233518
1530,401.406935622,401.406935622
1531,384.425830623,384.425830623
1532,309.294286617,309.294286617
1533,140.549864542,213.57827209
1534,98.27977804,160.55975954
1535,186.945215205,212.877504383
1536,146.1162109,146.1162109
1537,30.583263755,35.768930081
1538,7.725231144,10.316324163
1539,143.143257138,181.917802292
1540,116.682477602,115.044310553
1541,379.217392985,306.456882334
1542,272.725033709,272.725033709
1543,362.07137598,367.448564387
1544,446.003793743,553.29682717
1545,294.631903566,294.631903566
1546,299.098297876,299.098297876
1547,400.414286422,262.553593357
1548,368.997671947,372.740703048
1549,467.524015016,296.296121676
1550,211.280155822,211.280155822
1551,208.359370095,208.359370095
1552,283.092299047,190.959343502
1553,232.980562986,232.980562986
1554,216.596330149,226.060546729
1555,210.53815975,202.201420948
1556,109.923543284,114.630371517
1557,87.067848386,75.189007207
1558,20.814851805,20.814851805
1559,9.126327573,9.126327573
1560,0.322402484,0.322402484
1561,50.421639805,50.421639805
1562,143.395510863,143.395510863
1563,117.316706986,117.316706986
1564,165.816135836,165.816135836
1565,100.798157805,100.798157805
1566,84.517874739,69.534849958
1567,88.81135228,74.876785137
1568,75.644164628,70.940738588
1569,118.691506819,179.157712773
1570,224.12902391,224.12902391
1571,255.852574693,167.269874317
1572,219.897036183,149.346676945
1573,67.412618416,67.412618416
1574,82.949544945,32.839870401
1575,264.812479143,264.812479143
1576,389.787956557,389.787956557
1577,210.333566979,210.333566979
1578,253.268988128,253.268988128
1579,263.597013937,263.597013937
1580,246.709120739,246.709120739
1581,473.39922334,473.39922334
1582,329.66974069,329.66974069
1583,362.081677438,362.081677438
1584,436.309016694,436.309016694
1585,236.995141606,236.995141606
1586,305.754303,305.754303
1587,140.3365021,140.3365021
1588,141.992450662,153.012213935
1589,179.761083545,179.761083545
1590,392.269194114,392.269194114
1591,349.878619761,349.878619761
1592,490.43894414,677.127566933
1593,360.116090469,440.298535376
1594,375.870448083,375.870448083
1595,215.19723499,220.98338298
1596,14.46201663,18.693796654
1597,36.745488871,39.421855432
1598,7.396756863,8.255287598
1599,26.067220327,26.067220327
1600,234.094539606,155.055961244
1601,128.10667998,109.459291316
1602,178.669633439,182.915832455
1603,296.389515644,296.389515644
1604,430.188902369,453.530713142
1605,367.007203453,343.020755061
1606,397.638344129,412.694199258
1607,376.616417882,475.657040103
1608,348.992745164,406.902917119
1609,202.67852922,219.944602849
1610,182.307217196,182.62016774
1611,132.0914196,151.217586307
1612,362.539855322,171.714273039
1613,186.872585656,167.097365018
1614,199.193748785,203.289414501
1615,75.213561087,75.213561087
1616,0.848130333,0.848130333
1617,0.038514747,0.038369843
1618,7.845865369,16.630297363
1619,1.890372127,3.91497077
1620,5.40899581,5.40899581
1621,79.645808654,79.645808654
1622,118.562715983,118.562715983
1623,213.31303577,209.527046403
1624,137.889830815,137.889830815
1625,93.517607684,93.517607684
1626,115.651657121,113.729014597
1627,174.304111907,174.304111907
1628,493.073607542,260.767641754
1629,183.706099817,405.18934894
1630,305.405200781,213.697776702
1631,60.759822377,250.517641897
1632,148.883094997,148.883094997
1633,136.801056139,136.801056139
1634,323.238661292,323.238661292
1635,432.460640868,424.159347158
1636,261.894210424,261.894210424
1637,290.961474691,285.007884872
1638,418.882937906,418.882937906
1639,251.5826249,251.5826249
1640,437.586803733,428.198872477
1641,361.348720551,361.348720551
1642,293.939585685,293.939585685
1643,317.569724019,317.569724019
1644,320.459755689,394.641737217
1645,331.284015921,283.676870138
1646,145.858889403,163.682893235
1647,156.150521266,156.150521266
1648,107.702714413,251.697780541
1649,311.775359673,311.775359673
1650,207.700640447,407.415284491
1651,376.369032856,376.369032856
1652,521.429411512,521.429411512
1653,402.370698198,402.370698198
1654,226.671237113,226.671237113
1655,29.170619514,29.170619514
1656,57.957888232,56.07483994
1657,10.557957238,10.557957238
1658,0.694715669,2.854677976
1659,97.540745224,102.628487518
1660,271.927951767,284.723640335
1661,384.841835794,400.036928455
1662,330.74420957,380.558641282
1663,284.390664729,274.940907753
1664,221.432715163,220.119763815
1665,385.431807235,385.431807235
1666,305.204336899,305.204336899
1667,340.159060671,363.321954118
1668,288.2799683,289.6035157
1669,219.05424405,219.05424405
1670,321.28632794,281.891941578
1671,232.843842088,124.611039896
1672,154.061106367,152.815738386
1673,68.067039735,68.067039735
1674,7.027899604,7.027899604
1675,0.796226025,0.796226025
1676,15.009121019,15.013068135
1677,52.608873251,52.608873251
1678,126.285171016,133.473037209
1679,217.326463935,222.734685352
1680,92.621993515,91.749439791
1681,13.922769915,12.402014245
1682,98.874200259,82.213194702
1683,227.892084871,227.892084871
1684,49.211593586,95.478156694
1685,216.246435772,270.637000623
1686,224.029994201,224.029994201
1687,388.180345544,388.180345544
1688,260.50299916,255.107130805
1689,235.213980201,235.213980201
1690,317.286979679,317.286979679
1691,234.6421578,234.6421578
1692,299.839816584,299.839816584
1693,387.551712338,380.99102856
1694,280.530609873,280.530609873
1695,328.303303765,324.178992233
1696,1.528670154,137.894062638
1697,387.302879271,379.355663082
1698,274.181391781,274.181391781
1699,405.5850788,466.127149369
1700,408.868816375,408.868816375
1701,287.687819462,287.687819462
1702,81.101742427,129.729668948
1703,146.550151133,317.981060982
1704,117.642646715,276.997093594
1705,250.093702106,318.852439186
1706,315.284905249,315.284905249
1707,467.462632476,467.462632476
1708,291.803186119,291.803186119
1709,129.294966424,129.294966424
1710,49.50247937,49.50247937
1711,113.268226848,110.031937712
1712,19.544062664,19.544062664
1713,47.651972019,47.651972019
1714,250.433118837,250.433118837
1715,340.600983567,327.221587033
1716,359.723607149,311.367560477
1717,324.548257138,324.548257138
1718,262.185940651,267.973073052
1719,326.928694766,326.928694766
1720,268.819467996,214.717603998
1721,257.517396454,250.038862991
1722,264.118897733,231.680886355
1723,333.867121671,160.687130628
1724,160.34321407,59.109334651
1725,109.429546379,181.195623605
1726,90.997889708,36.0184379
1727,12.161594019,32.290537722
1728,3.434044383,3.434044383
1729,0.096772462,0.076399752
1730,0.119998708,0.156400344
1731,22.086825614,21.262786928
1732,93.954311248,97.330913676
1733,92.698223838,186.649256455
1734,75.350684105,75.350684105
1735,4.24410097,4.5375547
1736,75.033648296,75.033648296
1737,164.460437876,164.460437876
1738,40.862758026,31.159065314
1739,45.410977253,45.410977253
1740,293.67184937,288.555882197
1741,367.676827435,367.676827435
1742,405.827728269,405.827728269
1743,334.870828629,334.870828629
1744,228.310600995,228.310600995
1745,272.674765567,267.008631416
1746,262.667159081,262.667159081
1747,271.539596569,271.539596569
1748,409.1228943,409.1228943
1749,367.894969168,367.894969168
1750,422.071333889,422.071333889
1751,443.177735555,443.177735555
1752,601.967234031,470.657305589
1753,539.584724475,539.584724475
1754,589.969649432,464.224741896
1755,323.770807781,376.23980524
1756,186.928288859,200.909821458
1757,175.876273808,211.264180276
1758,246.639984919,321.740935079
1759,503.532669,656.0043639
1760,342.554368369,342.554368369
1761,483.571977274,483.571977274
1762,327.837479282,327.837479282
1763,156.7875214,156.7875214
1764,147.709907716,146.713939902
1765,51.982631977,51.982631977
1766,55.08886337,68.37362289
1767,0.583013021,0.649541364
1768,117.17721338,117.17721338
1769,222.036726,222.036726
1770,380.39755276,263.41650693
1771,367.535848853,257.310443563
1772,296.608097878,296.608097878
1773,279.594451757,277.840311791
1774,295.54543848,305.380496129
1775,204.519942134,187.926036403
1776,204.700451935,204.700451935
1777,95.355481094,95.156515563
1778,11.684864927,12.295181643
1779,45.747687911,52.845095477
1780,6.071934311,3.513989325
1781,0.287480062,0.508708525
1782,1.190096153,1.190096153
1783,6.319564718,6.319564718
1784,0.398050853,0.314208777
1785,0.064098711,0.129036706
1786,37.852733745,39.64391552
1787,94.638569047,135.412508746
1788,70.769970676,70.769970676
1789,47.508067121,51.638205159
1790,68.888438789,97.539530943
1791,42.816076239,65.312652885
1792,41.35617814,42.664730071
1793,56.659244619,57.270471393
1794,173.994484926,167.977326402
1795,329.760806565,329.760806565
1796,382.316823959,382.316823959
1797,401.890898253,393.070041956
1798,393.899149295,275.697996951
1799,323.400314955,318.20830595
1800,358.830035682,358.830035682
1801,338.963255419,338.963255419
1802,320.9718933,320.9718933
1803,307.678414867,364.500593811
1804,557.216610524,557.216610524
1805,436.952298647,506.026122301
1806,253.683289769,309.99268023
1807,645.192560341,510.644636687
1808,609.106125293,485.845571821
1809,465.023544325,465.023544325
1810,478.031497938,478.031497938
1811,452.434375762,452.434375762
1812,221.143050011,253.792586761
1813,460.0229035,580.9800416
1814,167.166042903,167.166042903
1815,186.967968826,186.967968826
1816,92.56860352,92.56860352
1817,48.143710614,48.143710614
1818,123.826063072,123.826063072
1819,249.198470013,249.198470013
1820,254.171242922,254.171242922
1821,121.3234482,121.3234482
1822,0.615683425,0.615683425
1823,8.106988518,8.54872405
1824,88.957991367,82.01384671
1825,160.183582145,174.841626425
1826,177.626443355,177.626443355
1827,217.455464377,200.489672832
1828,90.472820771,116.099638157
1829,189.412352813,189.412352813
1830,224.031647406,216.523177011
1831,188.5349426,188.5349426
1832,83.560326102,94.408615824
1833,32.34095423,35.101674012
1834,50.878126449,78.466276155
1835,51.853343304,51.853343304
1836,111.38475597,46.823006231
1837,39.418261047,43.64881301
1838,26.013416528,26.013416528
1839,3.358913045,3.358913045
1840,3.947168993,4.876701002
1841,4.807139909,9.934130479
1842,10.662516493,11.147525511
1843,52.622977772,51.930363279
1844,80.691452518,77.084786775
1845,197.208058946,161.387349045
1846,121.75453681,122.432511801
1847,237.297202319,247.022940601
1848,287.051186393,231.932090499
1849,296.886576617,286.736454621
1850,1.09414428,328.466906174
1851,126.672732062,137.078754788
1852,74.521083682,60.608440436
1853,128.66954592,129.384649967
1854,197.300906329,171.175317799
1855,144.4621582,144.4621582
1856,305.800756394,305.800756394
1857,465.342087945,465.342087945
1858,725.040615655,533.945924475
1859,671.906395288,515.106568056
1860,474.434467313,474.434467313
1861,318.029623552,361.738642324
1862,492.2443784,492.2443784
1863,220.1535335,280.9789988
1864,248.756954075,301.532021857
1865,352.735573019,411.812512054
1866,487.528674437,487.528674437
1867,455.383947724,455.383947724
1868,319.779419937,319.779419937
1869,145.751191138,145.751191138
1870,143.864848912,143.864848912
1871,122.325838217,121.728950272
1872,190.049738679,190.049738679
1873,305.814650345,305.814650345
1874,168.621082255,170.715015716
1875,0.763836303,0.879543713
1876,0.28095238,0.28095238
1877,33.783446202,33.783446202
1878,212.87558412,221.781711207
1879,383.41875169,294.220246878
1880,158.178941738,158.178941738
1881,109.015775005,137.104219985
1882,344.949887632,294.262906935
1883,261.332801519,279.479419658
1884,235.518127728,235.518127728
1885,143.158829682,143.158829682
1886,151.551556596,145.055520229
1887,244.214284354,244.629549333
1888,173.83765424,85.730729439
1889,76.91953278,76.91953278
1890,17.817814469,17.817814469
1891,2.118006461,2.118006461
1892,0.075285138,0.016024442
1893,16.2744341,19.08031656
1894,17.30205765,16.575430476
1895,7.947626234,7.8918318
1896,4.936785841,5.40135441
1897,0.926053343,1.511554325
1898,2.636805018,2.636805018
1899,28.064535704,26.789856094
1900,41.858669483,41.858669483
1901,118.246768597,118.246768597
1902,146.962322813,143.17280537
1903,105.507495967,127.632377097
1904,144.958637348,144.457786796
1905,203.798407137,207.59457704
1906,171.422750166,201.598818153
1907,164.937108818,176.589839387
1908,75.250501932,79.03310105
1909,1.073088884,1.073088884
1910,67.65069605,75.980228301
1911,189.575324749,189.575324749
1912,81.840482002,76.656156642
1913,273.920767853,273.920767853
1914,490.443475737,490.443475737
1915,302.859008263,351.144315584
1916,368.421763412,368.421763412
1917,479.50927775,479.50927775
1918,278.69709507,298.546909992
1919,400.490440693,400.490440693
1920,386.673509657,386.673509657
1921,490.592014606,355.935067627
1922,380.007728394,380.007728394
1923,377.335491102,377.335491102
1924,331.025823894,331.025823894
1925,184.806680448,184.806680448
1926,175.015368084,175.015368084
1927,131.0708466,131.0708466
1928,119.081722187,119.081722187
1929,129.797577844,129.797577844
1930,140.125298058,140.125298058
1931,39.032634333,39.36539205
1932,1.162682332,1.134181045
1933,64.38723755,64.38723755
1934,244.082365352,245.383536173
1935,330.428751511,330.428751511
1936,441.712800707,452.825526826
1937,182.130254108,183.27911732
1938,136.096668714,146.250827141
1939,179.318557802,150.52395305
1940,260.093861301,273.621209502
1941,219.475935832,254.383133081
1942,55.656974669,57.338790709
1943,183.9376526,183.9376526
1944,149.531214621,184.394088638
1945,335.490811282,255.95385836
1946,214.272068022,214.272068022
1947,134.955406822,180.295390468
1948,42.17694855,42.17694855
1949,24.015009209,9.004185252
1950,79.641602369,70.385610123
1951,90.7374913,112.857399449
1952,74.396372234,71.64526471
1953,61.682063623,64.078029293
1954,8.700310006,9.938133093
1955,0.000841995,0.001786298
1956,5.421039301,5.421039301
1957,56.582520513,52.430903862
1958,153.072445899,151.235121082
1959,71.312513575,71.312513575
1960,122.952931883,122.952931883
1961,84.557491181,77.102620003
1962,89.66986729,87.07072213
1963,90.70178223,90.70178223
1964,130.357441585,124.19419227
1965,117.603583463,114.666967626
1966,59.017867804,52.612137123
1967,112.778304995,108.42308029
1968,158.69863493,174.619846089
1969,103.218473333,98.861867204
1970,227.150290783,227.150290783
1971,393.780174938,332.453005215
1972,574.181421543,441.466161958
1973,435.599291539,504.52341079
1974,611.737667062,611.737667062
1975,533.060152805,533.060152805
1976,494.109431251,494.109431251
1977,315.07577135,315.07577135
1978,248.173740985,274.973241208
1979,259.551274491,293.32576226
1980,193.636530916,193.636530916
1981,158.745986312,152.282947325
1982,42.428548246,42.004065826
1983,88.826212465,88.826212465
1984,269.003084746,269.003084746
1985,223.499680179,223.499680179
1986,137.01035313,167.80533606
1987,58.804069867,58.804069867
1988,2.664420842,2.664420842
1989,1.498433128,1.551216481
1990,86.479138862,79.523394858
1991,129.1389008,129.1389008
1992,226.176591327,200.708041128
1993,210.23542675,209.995091433
1994,229.329494336,251.636103157
1995,141.532579606,123.27133827
1996,138.194415258,140.913137437
1997,172.457653561,158.830471277
1998,126.310159117,126.043179175
1999,50.329842986,54.877835168
2000,58.809859558,48.580189705
2001,142.699879229,129.031852479
2002,187.240023525,130.541936257
2003,136.1547228,136.1547228
2004,139.23382089,139.23382089
2005,47.280121508,44.120364103
2006,45.442219879,65.147408648
2007,22.349246965,22.022219802
2008,24.078767166,20.423253716
2009,28.108030898,32.451491832
2010,21.924544202,23.749196483
2011,2.765517051,2.849189559
2012,31.574957854,57.095423124
2013,119.978504177,113.60432719
2014,65.74972534,65.74972534
2015,193.90943958,209.067646688
2016,117.238391215,136.492711027
2017,178.868839563,193.701144622
2018,197.494754602,211.631130241
2019,110.975525409,101.544162038
2020,122.462665977,115.176355125
2021,68.203581606,60.959821292
2022,85.145603308,82.374876651
2023,145.603821787,156.275967483
2024,148.405414293,165.791139519
2025,93.679048754,93.679048754
2026,404.632292078,309.660428586
2027,232.105479248,262.162386455
2028,236.499509623,263.376533837
2029,493.024774562,493.024774562
2030,379.895823801,442.888418495
2031,456.1924839,456.1924839
2032,339.431810388,339.431810388
2033,368.183307972,368.183307972
2034,276.777933651,308.925082579
2035,272.3363342,272.3363342
2036,216.3874817,216.3874817
2037,146.057379223,146.057379223
2038,325.719109987,325.719109987
2039,440.341609229,440.341609229
2040,431.841362018,431.841362018
2041,166.564679878,166.564679878
2042,1.437175004,1.421610064
2043,3.009842389,2.422352767
2044,131.293691704,126.779829958
2045,283.02872599,207.120342933
2046,325.606580087,282.922584342
2047,265.847902504,274.464465033
2048,233.150214147,233.865394148
2049,214.121826401,196.781104594
2050,273.124577687,228.893387888
2051,171.96862381,162.150447723
2052,201.353729936,210.83262739
2053,21.032226932,19.947664428
2054,2.613057931,1.70395683
2055,6.840613288,9.875958022
2056,5.835258097,0.247183
2057,7.183603076,7.308848556
2058,11.094957081,11.845494211
2059,19.67503166,19.67503166
2060,12.493381893,17.422663179
2061,0.884279383,0.853743338
2062,0.005025972,0.019573438
2063,10.822881925,31.402284349
2064,59.913031256,59.913031256
2065,146.044837848,157.80187
2066,118.583640553,114.166135117
2067,119.436054308,114.947380217
2068,186.938629966,203.523591332
2069,145.692455179,160.993671406
2070,92.853522699,97.997411127
2071,21.049818754,19.27971745
2072,46.437283733,48.899283299
2073,84.149348134,84.290860878
2074,56.26599121,56.26599121
2075,15.154276894,15.154276894
2076,90.653891322,90.653891322
2077,172.817632669,172.817632669
2078,169.462789141,192.921841144
2079,304.168188635,304.168188635
2080,224.543177726,253.890404912
2081,196.589127359,225.112609253
2082,138.080613107,157.152000308
2083,102.252034394,109.774216667
2084,88.604445039,103.516539409
2085,61.97848343,61.97848343
2086,136.6505737,136.6505737
2087,320.684045984,320.684045984
2088,338.014208525,346.935056082
2089,441.60394235,441.60394235
2090,336.186440935,336.186440935
2091,35.04001313,34.574178005
2092,10.970688634,5.100898256
2093,190.834364811,140.480754111
2094,290.655830561,244.462491048
2095,226.187409537,226.203365825
2096,239.317173588,237.627061168
2097,269.223437622,241.109535357
2098,219.329966822,180.348070994
2099,208.983079882,181.44683758
2100,239.856000608,228.727046129
2101,222.007809117,210.734471797
2102,108.837329863,115.173934926
2103,48.135749305,48.50954555
2104,18.65092447,15.29579554
2105,0.510530898,0.358237333
2106,0.034882634,0.022220246
2107,16.424207983,16.113461816
2108,7.080217834,7.385053925
2109,3.331040285,3.618123405
2110,0.090499806,0.092994337
2111,7.214567157,8.971605491
2112,163.484143985,177.250612692
2113,120.846017703,116.499305013
2114,98.421159994,93.558417193
2115,83.597236412,80.767674479
2116,63.225242271,62.456336292
2117,38.38095111,36.289903371
2118,4.483255162,4.185521921
2119,1.399487923,1.410037779
2120,4.763381015,4.613065826
2121,6.615980472,6.562869366
2122,0.266706452,0.244165421
2123,8.787088829,9.916468899
2124,36.133120628,40.231013124
2125,73.506884806,84.442740694
2126,16.845719474,21.315308076
2127,110.429750053,91.824676994
2128,248.66376305,248.66376305
2129,227.736488341,227.736488341
2130,151.31017207,165.970640426
2131,291.2034608,361.9148714
2132,243.162705989,243.162705989
2133,268.027195829,268.027195829
2134,308.98359913,308.98359913
2135,354.864708764,354.864708764
2136,468.541694951,558.171795917
2137,261.708159775,261.708159775
2138,15.128187406,15.128187406
2139,12.25257683,12.25257683
2140,79.684937765,52.175339756
2141,109.221569978,93.917157825
2142,41.598610889,36.938308862
2143,306.029201955,292.793337136
2144,308.20806885,325.366110882
2145,276.992842497,265.240751435
2146,197.465809633,188.331473922
2147,262.969066294,273.259713123
2148,226.127531909,209.603685599
2149,173.62548378,183.99365856
2150,109.427784681,106.037934124
2151,89.185368433,56.972364643
2152,28.865870315,21.806936815
2153,38.232235826,28.831240033
2154,28.078736163,32.680205176
2155,1.034836598,0.943300452
2156,0.393499972,0.460343113
2157,37.203057692,39.742480739
2158,79.40942383,79.40942383
2159,115.183468105,110.600069429
2160,93.072426303,98.453853424
2161,44.73879343,41.03284275
2162,32.35942841,32.35942841
2163,52.971691449,52.971691449
2164,39.523297524,35.743082469
2165,12.587053019,12.587053019
2166,6.707151046,7.171705996
2167,22.211325542,25.312477131
2168,9.552177111,11.084681227
2169,162.482694621,162.482694621
2170,165.02551897,178.068517627
2171,243.013460881,274.224483952
2172,275.167354571,275.167354571
2173,487.932882134,344.861813345
2174,672.3764954,833.0549012
2175,348.21234093,348.21234093
2176,296.038433127,354.41158529
2177,229.460503539,229.460503539
2178,113.939000116,113.939000116
2179,5.692802981,5.692802981
2180,0.291521122,0.291521122
2181,2.798514237,2.944617788
2182,7.299196862,7.598233137
2183,37.754031514,36.654253315
2184,101.032392062,105.7464028
2185,298.340578309,347.612207057
2186,233.995343863,227.734995953
2187,159.228084929,196.078041891
2188,164.287778013,221.842902931
2189,182.395734606,173.415764136
2190,202.883662086,225.730182244
2191,147.949493232,144.54150762
2192,153.911502412,147.750531885
2193,98.408107125,125.190354643
2194,41.689949997,61.955988317
2195,17.255527685,16.962887036
2196,5.314269053,6.056413894
2197,0.085646,0.080515598
2198,5.53838842,6.209886627
2199,135.854109138,147.389131612
2200,120.27387816,127.74203611
2201,153.880378376,189.312462042
2202,108.929734473,111.653678147
2203,295.880740883,210.003025592
2204,165.229908939,165.229908939
2205,64.275237084,64.275237084
2206,1.000474521,1.000474521
2207,0.814305248,0.814305248
2208,0.048292715,0.048143636
2209,0.4346135,0.434612222
2210,8.009313885,9.162499553
2211,35.088469113,38.416416676
2212,81.845126792,100.33717752
2213,517.416954483,390.353856163
2214,440.318862432,440.318862432
2215,327.963762458,327.963762458
2216,444.969222528,351.617712495
2217,273.860649025,312.240196499
2218,180.707007429,180.707007429
2219,14.177395331,14.177395331
2220,2.173428169,2.173428169
2221,5.27504739,5.232839743
2222,5.452963395,2.189865842
2223,67.78396578,62.150137623
2224,120.358290154,126.7932153
2225,162.262207604,155.912111355
2226,193.573135041,167.925031974
2227,177.87500453,169.916888084
2228,171.255199544,159.799792987
2229,161.986678826,185.365192409
2230,152.050716033,137.388621702
2231,116.798967252,118.131949038
2232,60.751321084,56.163559261
2233,37.918399192,33.324261582
2234,0.315944941,0.249086933
2235,1.372834289,1.79770441
2236,0.010516742,0.013539688
2237,13.942932193,13.776076921
2238,136.629198048,118.050287441
2239,219.259714004,166.053517197
2240,185.087786688,185.087786688
2241,166.082780687,167.786782534
2242,208.869390603,281.161823698
2243,190.945407165,180.57737786
2244,60.296414729,65.355803901
2245,40.294473508,40.294473508
2246,28.849491657,28.849491657
2247,123.535796514,82.009328942
2248,133.814090728,133.814090728
2249,100.543367779,132.655578777
2250,329.784297408,329.784297408
2251,353.829336162,353.829336162
2252,353.89305329,270.14142382
2253,62.750895286,67.813469785
2254,11.265563726,11.265563726
2255,9.167936711,9.167936711
2256,2.915995219,2.915995219
2257,0.484234781,0.484234781
2258,1.892369697,1.892369697
2259,5.292251584,1.912208551
2260,57.74989538,59.448209418
2261,90.883104796,94.038615439
2262,144.263364217,130.682962589
2263,192.03482866,176.555246395
2264,288.592479638,289.590110677
2265,227.048800822,236.273552249
2266,169.149781256,165.47691676
2267,98.805112521,84.494313545
2268,8.730764513,9.335330256
2269,2.127655724,2.088506348
2270,1.969390836,2.069331227
2271,0.147990389,0.293702072
2272,0.216722784,0.378789596
2273,0.056182593,0.325385293
2274,4.730391013,4.730391013
2275,23.946513712,23.946513712
2276,133.709603338,133.709603338
2277,153.040178439,157.354921438
2278,208.980588495,190.324692414
2279,169.572869411,178.451445946
2280,168.00792653,193.728805064
2281,121.925404626,121.925404626
2282,115.379709139,115.379709139
2283,170.263686149,163.537162244
2284,188.634206775,188.634206775
2285,97.80537236,125.94718487
2286,377.766706462,377.766706462
2287,206.972282134,176.307877527
2288,17.152518388,25.429771785
2289,1.436726766,2.000385459
2290,0.082910203,0.104442969
2291,35.542317254,42.69407058
2292,45.877965035,57.006155128
2293,69.714490035,74.477725737
2294,106.498189579,82.072885278
2295,136.688660761,141.737288013
2296,158.048798568,157.954322961
2297,136.591841452,128.709692593
2298,46.049486614,43.217287834
2299,0.949980823,0.975918611
2300,0.307946016,0.290508096
2301,0.247804628,0.446699352
2302,1.368805856,2.427925764
2303,0.019967314,0.019933299
2304,13.196923158,11.212543288
2305,38.978135804,40.45870964
2306,108.772242815,108.653334722
2307,176.807271704,210.573050192
2308,155.464375944,163.537233526
2309,87.392722253,87.392722253
2310,203.908995091,154.859256748
2311,59.056846469,59.988837423
2312,77.68294025,68.759497109
2313,34.323881946,40.607534408
2314,50.482500171,54.885360561
2315,9.293240474,10.686108411
2316,0.54979892,0.54979892
2317,1.989400229,2.403771101
2318,12.322567321,12.052855501
2319,73.225786746,69.242803546
2320,107.396872927,112.063066595
2321,109.850976349,142.435664157
2322,125.150194676,96.060545497
2323,92.883400156,72.00932048
2324,40.13210081,30.137287386
2325,3.172523607,2.808092532
2326,0.163930628,0.163930628
2327,2.0888038,2.0888038
2328,1.814204231,1.814204231
2329,0.71428259,0.679545405
2330,0.019676096,0.019642576
2331,1.290435553,1.290435553
2332,33.492239092,33.492239092
2333,33.214529115,35.935419872
2334,10.586951744,11.30827669
2335,39.451395596,28.52447002
2336,7.017570794,7.430740793
2337,1.380954498,1.380954498
2338,0.328628096,0.331227771
2339,0.377430562,0.327411399
2340,71.936964909,71.936964909
2341,89.081878929,94.713287819
2342,130.491999578,121.716455276
2343,162.582070623,172.074632563
2344,112.538653413,91.061893748
2345,37.263782142,27.416746426
2346,36.20241018,30.303466665
2347,2.504321465,4.165883095
2348,0.251790683,0.502004387
2349,0.186964665,0.372774253
2350,0.691299922,0.691299922
2351,0.35295886,0.340569502
2352,1.079152213,1.079152213
2353,47.804520319,42.108303176
2354,112.490615387,99.344238306
2355,108.533893897,112.755859525
2356,148.89072198,155.020594126
2357,66.260922784,55.667084919
2358,5.959522197,5.297803955
2359,3.907083929,3.881661059
2360,0.052499471,0.048743318
2361,0.011529132,0.023066769
2362,0.008604061,0.017150726
2363,4.838606284,3.696594485
2364,46.2029348,48.611414396
2365,117.3927536,117.3927536
2366,128.436431616,139.229725211
2367,97.954361988,108.240987651
2368,65.91443185,66.504649414
2369,2.326072052,2.326072052
2370,1.809391364,1.507815922
2371,1.508352898,1.527543253
2372,9.506296585,8.164529738
2373,59.609242967,75.358788363
2374,148.6906128,148.6906128
2375,96.002996523,94.204816952
2376,112.092044744,113.809624444
2377,22.368270589,22.298500705
2378,0.09352551,0.080289187
2379,2.043579439,1.924803932
2380,2.591382265,2.591382265
2381,2.960616493,2.952251447
2382,6.290450176,4.230531186
2383,58.715296823,56.203716899
2384,71.345154863,4.722865809
2385,84.428652128,84.428652128
2386,58.521780326,57.801157087
2387,0.709263208,0.708256796
2388,0.494882569,0.527297295
2389,0.346132768,0.309473457
2390,42.95692062,42.95692062
2391,35.776855711,34.65804797
2392,19.135309176,16.63250699
2393,41.352684645,41.075278269
2394,20.109114056,24.817089812
2395,6.971876883,7.560132967
2396,18.24806403,14.20661543
2397,27.801905883,31.69019782
2398,4.547914954,5.151343028
2399,0.023814152,0.016437494
2400,1.642442655,1.468189023
2401,42.560240509,30.594266461
2402,46.635954102,46.463472995
2403,23.376664605,23.520558646
2404,3.153344386,3.105898048
2405,6.082204986,6.082204986
2406,0.672966312,0.672966312
2407,8.186628412,8.231726824
2408,9.621759107,9.986481333
2409,2.201706051,1.335309444
2410,0.02239818,0.013698162
2411,0.065386713,0.056132808
2412,13.679524877,12.303536559
2413,6.216759154,5.46032535
2414,0.133776807,0.116652525
2415,0.044257011,0.037993462
2416,1.454379005,1.454379005
2417,0.163742396,0.163742396
