year,data_type,source_index,destination_index,value
2019,biomass_forecast,0,,4.709518476
2019,biomass_forecast,1,,43.520282669
2019,biomass_forecast,2,,49.258267108
2019,biomass_forecast,3,,127.597395339
2019,biomass_forecast,4,,30.895838251
2019,biomass_forecast,5,,27.943363554
2019,biomass_forecast,6,,28.065933211
2019,biomass_forecast,7,,44.869040916
2019,biomass_forecast,8,,34.45854061
2019,biomass_forecast,9,,52.54997635
2019,biomass_forecast,10,,9.299279319
2019,biomass_forecast,11,,7.274044554
2019,biomass_forecast,12,,7.795201252
2019,biomass_forecast,13,,0.153030281
2019,biomass_forecast,14,,0.606752441
2019,biomass_forecast,15,,23.844601492
2019,biomass_forecast,16,,91.484173791
2019,biomass_forecast,17,,150.198038112
2019,biomass_forecast,18,,122.900365588
2019,biomass_forecast,19,,60.761607847
2019,biomass_forecast,20,,65.33346133
2019,biomass_forecast,21,,102.518375933
2019,biomass_forecast,22,,102.390253871
2019,biomass_forecast,23,,111.148941
2019,biomass_forecast,24,,107.174706913
2019,biomass_forecast,25,,100.081411447
2019,biomass_forecast,26,,44.186012855
2019,biomass_forecast,27,,33.668053404
2019,biomass_forecast,28,,2.989308989
2019,biomass_forecast,29,,0.204687722
2019,biomass_forecast,30,,29.89868927
2019,biomass_forecast,31,,91.269295924
2019,biomass_forecast,32,,145.3522279
2019,biomass_forecast,33,,145.178749993
2019,biomass_forecast,34,,128.88225366
2019,biomass_forecast,35,,96.021803512
2019,biomass_forecast,36,,159.097884786
2019,biomass_forecast,37,,110.482454923
2019,biomass_forecast,38,,318.80945621
2019,biomass_forecast,39,,68.067778503
2019,biomass_forecast,40,,110.036893677
2019,biomass_forecast,41,,52.877023698
2019,biomass_forecast,42,,95.765407562
2019,biomass_forecast,43,,24.995603268
2019,biomass_forecast,44,,4.269657714
2019,biomass_forecast,45,,0.260096667
2019,biomass_forecast,46,,0.546767731
2019,biomass_forecast,47,,18.165365288
2019,biomass_forecast,48,,108.070544599
2019,biomass_forecast,49,,102.989772064
2019,biomass_forecast,50,,107.99571102
2019,biomass_forecast,51,,37.146567971
2019,biomass_forecast,52,,107.3855286
2019,biomass_forecast,53,,125.400253385
2019,biomass_forecast,54,,84.493719048
2019,biomass_forecast,55,,109.967464833
2019,biomass_forecast,56,,270.6657558
2019,biomass_forecast,57,,76.724058478
2019,biomass_forecast,58,,104.630848269
2019,biomass_forecast,59,,108.085610847
2019,biomass_forecast,60,,51.922008381
2019,biomass_forecast,61,,16.74709794
2019,biomass_forecast,62,,7.467584372
2019,biomass_forecast,63,,18.925147583
2019,biomass_forecast,64,,11.222646594
2019,biomass_forecast,65,,7.627391209
2019,biomass_forecast,66,,7.661355778
2019,biomass_forecast,67,,0.472395145
2019,biomass_forecast,68,,0.259050074
2019,biomass_forecast,69,,6.158761959
2019,biomass_forecast,70,,110.216996512
2019,biomass_forecast,71,,110.843318207
2019,biomass_forecast,72,,108.821642947
2019,biomass_forecast,73,,117.761719059
2019,biomass_forecast,74,,161.807019035
2019,biomass_forecast,75,,188.588143643
2019,biomass_forecast,76,,130.4949036
2019,biomass_forecast,77,,110.260735732
2019,biomass_forecast,78,,150.402696176
2019,biomass_forecast,79,,116.305689804
2019,biomass_forecast,80,,94.608238281
2019,biomass_forecast,81,,41.958763768
2019,biomass_forecast,82,,55.09320865
2019,biomass_forecast,83,,26.845013094
2019,biomass_forecast,84,,53.285596324
2019,biomass_forecast,85,,16.342921841
2019,biomass_forecast,86,,6.917353253
2019,biomass_forecast,87,,18.600073428
2019,biomass_forecast,88,,58.004509092
2019,biomass_forecast,89,,9.836816123
2019,biomass_forecast,90,,0.138630843
2019,biomass_forecast,91,,0.280320032
2019,biomass_forecast,92,,52.423475211
2019,biomass_forecast,93,,147.428996716
2019,biomass_forecast,94,,127.121961741
2019,biomass_forecast,95,,84.203802369
2019,biomass_forecast,96,,135.30137338
2019,biomass_forecast,97,,123.837265704
2019,biomass_forecast,98,,124.195974811
2019,biomass_forecast,99,,101.552107624
2019,biomass_forecast,100,,115.235214579
2019,biomass_forecast,101,,182.996199739
2019,biomass_forecast,102,,167.012686371
2019,biomass_forecast,103,,95.22830867
2019,biomass_forecast,104,,130.798473141
2019,biomass_forecast,105,,143.9510919
2019,biomass_forecast,106,,124.095615565
2019,biomass_forecast,107,,69.377284142
2019,biomass_forecast,108,,7.729452407
2019,biomass_forecast,109,,5.439899921
2019,biomass_forecast,110,,3.720156909
2019,biomass_forecast,111,,6.039840598
2019,biomass_forecast,112,,7.251074188
2019,biomass_forecast,113,,22.871275711
2019,biomass_forecast,114,,16.755921033
2019,biomass_forecast,115,,1.527310143
2019,biomass_forecast,116,,0.028057363
2019,biomass_forecast,117,,0.474906903
2019,biomass_forecast,118,,33.599018036
2019,biomass_forecast,119,,69.041395719
2019,biomass_forecast,120,,69.228849716
2019,biomass_forecast,121,,108.809494
2019,biomass_forecast,122,,194.199490606
2019,biomass_forecast,123,,119.016299844
2019,biomass_forecast,124,,154.922039672
2019,biomass_forecast,125,,132.568025257
2019,biomass_forecast,126,,130.03916414
2019,biomass_forecast,127,,122.987424591
2019,biomass_forecast,128,,130.387873652
2019,biomass_forecast,129,,164.638319341
2019,biomass_forecast,130,,169.669781829
2019,biomass_forecast,131,,108.056450475
2019,biomass_forecast,132,,115.190917556
2019,biomass_forecast,133,,136.711351677
2019,biomass_forecast,134,,45.374800968
2019,biomass_forecast,135,,39.59317398
2019,biomass_forecast,136,,8.174283142
2019,biomass_forecast,137,,5.965525851
2019,biomass_forecast,138,,14.108848345
2019,biomass_forecast,139,,40.478108049
2019,biomass_forecast,140,,12.279260423
2019,biomass_forecast,141,,1.366304446
2019,biomass_forecast,142,,0.173860901
2019,biomass_forecast,143,,29.325351141
2019,biomass_forecast,144,,62.665036495
2019,biomass_forecast,145,,94.740434651
2019,biomass_forecast,146,,123.277461948
2019,biomass_forecast,147,,161.183919414
2019,biomass_forecast,148,,132.831849797
2019,biomass_forecast,149,,115.861197588
2019,biomass_forecast,150,,127.6153336
2019,biomass_forecast,151,,121.4202271
2019,biomass_forecast,152,,114.199219017
2019,biomass_forecast,153,,143.700232831
2019,biomass_forecast,154,,172.140767676
2019,biomass_forecast,155,,186.506410924
2019,biomass_forecast,156,,147.537730884
2019,biomass_forecast,157,,87.04948397
2019,biomass_forecast,158,,159.191102715
2019,biomass_forecast,159,,106.072333367
2019,biomass_forecast,160,,54.105217327
2019,biomass_forecast,161,,12.040713152
2019,biomass_forecast,162,,10.561670847
2019,biomass_forecast,163,,89.397997075
2019,biomass_forecast,164,,182.6812912
2019,biomass_forecast,165,,59.039188999
2019,biomass_forecast,166,,45.3204689
2019,biomass_forecast,167,,0.182901353
2019,biomass_forecast,168,,0.325306646
2019,biomass_forecast,169,,15.901176811
2019,biomass_forecast,170,,73.324306401
2019,biomass_forecast,171,,120.75868988
2019,biomass_forecast,172,,78.921195783
2019,biomass_forecast,173,,128.294723515
2019,biomass_forecast,174,,121.659085888
2019,biomass_forecast,175,,86.992066099
2019,biomass_forecast,176,,111.169062665
2019,biomass_forecast,177,,91.251571023
2019,biomass_forecast,178,,138.878509529
2019,biomass_forecast,179,,161.153774924
2019,biomass_forecast,180,,162.2866821
2019,biomass_forecast,181,,102.077493771
2019,biomass_forecast,182,,98.480894773
2019,biomass_forecast,183,,106.225061429
2019,biomass_forecast,184,,90.591111632
2019,biomass_forecast,185,,63.757639745
2019,biomass_forecast,186,,79.263201007
2019,biomass_forecast,187,,56.755164655
2019,biomass_forecast,188,,11.722392813
2019,biomass_forecast,189,,100.952718271
2019,biomass_forecast,190,,331.35785338
2019,biomass_forecast,191,,246.736171447
2019,biomass_forecast,192,,53.097894121
2019,biomass_forecast,193,,28.426594356
2019,biomass_forecast,194,,2.47450909
2019,biomass_forecast,195,,1.619900334
2019,biomass_forecast,196,,0.475311045
2019,biomass_forecast,197,,2.11455965
2019,biomass_forecast,198,,3.676079385
2019,biomass_forecast,199,,3.363888192
2019,biomass_forecast,200,,21.013471334
2019,biomass_forecast,201,,19.725744679
2019,biomass_forecast,202,,3.529881239
2019,biomass_forecast,203,,0.0226834
2019,biomass_forecast,204,,0.023527228
2019,biomass_forecast,205,,0.00110444
2019,biomass_forecast,206,,0.071521432
2019,biomass_forecast,207,,2.29047811
2019,biomass_forecast,208,,75.295859952
2019,biomass_forecast,209,,69.88315209
2019,biomass_forecast,210,,33.351195112
2019,biomass_forecast,211,,58.44480132
2019,biomass_forecast,212,,184.6444091
2019,biomass_forecast,213,,155.127625205
2019,biomass_forecast,214,,101.327520476
2019,biomass_forecast,215,,74.193461787
2019,biomass_forecast,216,,131.197068992
2019,biomass_forecast,217,,17.58699038
2019,biomass_forecast,218,,119.399797181
2019,biomass_forecast,219,,117.16639614
2019,biomass_forecast,220,,155.53167884
2019,biomass_forecast,221,,145.144503112
2019,biomass_forecast,222,,138.900732404
2019,biomass_forecast,223,,154.428776914
2019,biomass_forecast,224,,140.559449298
2019,biomass_forecast,225,,169.401598124
2019,biomass_forecast,226,,112.954667275
2019,biomass_forecast,227,,161.807569238
2019,biomass_forecast,228,,238.101167282
2019,biomass_forecast,229,,369.015644392
2019,biomass_forecast,230,,275.837360068
2019,biomass_forecast,231,,72.89162657
2019,biomass_forecast,232,,20.086040011
2019,biomass_forecast,233,,18.753941273
2019,biomass_forecast,234,,8.634189693
2019,biomass_forecast,235,,1.39680288
2019,biomass_forecast,236,,18.44620248
2019,biomass_forecast,237,,16.71157195
2019,biomass_forecast,238,,15.978718032
2019,biomass_forecast,239,,15.862576213
2019,biomass_forecast,240,,25.391535213
2019,biomass_forecast,241,,112.93563886
2019,biomass_forecast,242,,59.67201614
2019,biomass_forecast,243,,3.105597973
2019,biomass_forecast,244,,1.077613815
2019,biomass_forecast,245,,0.021791579
2019,biomass_forecast,246,,2.30478495
2019,biomass_forecast,247,,4.536930586
2019,biomass_forecast,248,,16.486982871
2019,biomass_forecast,249,,81.07722473
2019,biomass_forecast,250,,65.064267158
2019,biomass_forecast,251,,96.547271642
2019,biomass_forecast,252,,167.181493754
2019,biomass_forecast,253,,82.1652831
2019,biomass_forecast,254,,69.950804355
2019,biomass_forecast,255,,94.68751526
2019,biomass_forecast,256,,90.071834134
2019,biomass_forecast,257,,44.1127167
2019,biomass_forecast,258,,176.030160499
2019,biomass_forecast,259,,161.030408841
2019,biomass_forecast,260,,216.081878304
2019,biomass_forecast,261,,76.0425111
2019,biomass_forecast,262,,178.396901437
2019,biomass_forecast,263,,199.859200945
2019,biomass_forecast,264,,148.780688134
2019,biomass_forecast,265,,182.120159089
2019,biomass_forecast,266,,225.182959735
2019,biomass_forecast,267,,156.423304792
2019,biomass_forecast,268,,244.917583565
2019,biomass_forecast,269,,264.924653021
2019,biomass_forecast,270,,231.068870645
2019,biomass_forecast,271,,276.823173405
2019,biomass_forecast,272,,220.551698074
2019,biomass_forecast,273,,42.890630721
2019,biomass_forecast,274,,55.121515818
2019,biomass_forecast,275,,9.000897857
2019,biomass_forecast,276,,0.000653548
2019,biomass_forecast,277,,2.408242312
2019,biomass_forecast,278,,11.68368721
2019,biomass_forecast,279,,1.839925253
2019,biomass_forecast,280,,0.120318892
2019,biomass_forecast,281,,0.003168522
2019,biomass_forecast,282,,11.182659245
2019,biomass_forecast,283,,181.11615181
2019,biomass_forecast,284,,0.368541727
2019,biomass_forecast,285,,0.253125584
2019,biomass_forecast,286,,23.31003285
2019,biomass_forecast,287,,30.07496159
2019,biomass_forecast,288,,23.889254158
2019,biomass_forecast,289,,3.184025833
2019,biomass_forecast,290,,4.944424875
2019,biomass_forecast,291,,6.327413079
2019,biomass_forecast,292,,23.03854366
2019,biomass_forecast,293,,12.26662444
2019,biomass_forecast,294,,56.7851716
2019,biomass_forecast,295,,43.508672212
2019,biomass_forecast,296,,111.203787678
2019,biomass_forecast,297,,99.270401
2019,biomass_forecast,298,,118.9672395
2019,biomass_forecast,299,,151.489975
2019,biomass_forecast,300,,100.3424988
2019,biomass_forecast,301,,265.129451707
2019,biomass_forecast,302,,189.080126876
2019,biomass_forecast,303,,214.549146603
2019,biomass_forecast,304,,186.0530033
2019,biomass_forecast,305,,182.077411314
2019,biomass_forecast,306,,209.362097424
2019,biomass_forecast,307,,184.359035057
2019,biomass_forecast,308,,216.383759466
2019,biomass_forecast,309,,462.047095687
2019,biomass_forecast,310,,272.333070288
2019,biomass_forecast,311,,254.636738278
2019,biomass_forecast,312,,78.828481625
2019,biomass_forecast,313,,114.863789503
2019,biomass_forecast,314,,77.086979647
2019,biomass_forecast,315,,15.827063561
2019,biomass_forecast,316,,0.576595724
2019,biomass_forecast,317,,0.929475904
2019,biomass_forecast,318,,0.868474007
2019,biomass_forecast,319,,8.820519447
2019,biomass_forecast,320,,10.997237429
2019,biomass_forecast,321,,5.137461708
2019,biomass_forecast,322,,22.723880612
2019,biomass_forecast,323,,58.901573532
2019,biomass_forecast,324,,80.42804169
2019,biomass_forecast,325,,27.05689812
2019,biomass_forecast,326,,0.662032783
2019,biomass_forecast,327,,0.01031168
2019,biomass_forecast,328,,0.852684062
2019,biomass_forecast,329,,0.545566378
2019,biomass_forecast,330,,0.437456648
2019,biomass_forecast,331,,12.428532854
2019,biomass_forecast,332,,13.030932581
2019,biomass_forecast,333,,71.175657111
2019,biomass_forecast,334,,110.281628351
2019,biomass_forecast,335,,29.05924226
2019,biomass_forecast,336,,141.8403016
2019,biomass_forecast,337,,211.7358398
2019,biomass_forecast,338,,135.47276676
2019,biomass_forecast,339,,107.9888
2019,biomass_forecast,340,,1.1924743
2019,biomass_forecast,341,,138.2929077
2019,biomass_forecast,342,,75.2533263
2019,biomass_forecast,343,,195.887322785
2019,biomass_forecast,344,,194.045795635
2019,biomass_forecast,345,,234.469174744
2019,biomass_forecast,346,,172.6775513
2019,biomass_forecast,347,,212.20238287
2019,biomass_forecast,348,,264.059667426
2019,biomass_forecast,349,,222.417483278
2019,biomass_forecast,350,,170.441655236
2019,biomass_forecast,351,,443.165998884
2019,biomass_forecast,352,,233.671772024
2019,biomass_forecast,353,,83.767809349
2019,biomass_forecast,354,,52.288035572
2019,biomass_forecast,355,,177.340500579
2019,biomass_forecast,356,,168.228914702
2019,biomass_forecast,357,,38.16861725
2019,biomass_forecast,358,,24.99308777
2019,biomass_forecast,359,,0.164607685
2019,biomass_forecast,360,,0.11778482
2019,biomass_forecast,361,,0.11005456
2019,biomass_forecast,362,,0.844103937
2019,biomass_forecast,363,,1.619234099
2019,biomass_forecast,364,,8.898064993
2019,biomass_forecast,365,,11.209524356
2019,biomass_forecast,366,,1.526017701
2019,biomass_forecast,367,,35.05107498
2019,biomass_forecast,368,,110.388839966
2019,biomass_forecast,369,,60.48755604
2019,biomass_forecast,370,,28.46438599
2019,biomass_forecast,371,,23.005970262
2019,biomass_forecast,372,,25.61842728
2019,biomass_forecast,373,,4.100283146
2019,biomass_forecast,374,,1.70751965
2019,biomass_forecast,375,,26.175122535
2019,biomass_forecast,376,,96.743979307
2019,biomass_forecast,377,,136.819208894
2019,biomass_forecast,378,,167.855513374
2019,biomass_forecast,379,,148.064652438
2019,biomass_forecast,380,,295.773683501
2019,biomass_forecast,381,,81.7761993
2019,biomass_forecast,382,,37.64245608
2019,biomass_forecast,383,,51.6167144
2019,biomass_forecast,384,,72.1342011
2019,biomass_forecast,385,,49.0216523
2019,biomass_forecast,386,,140.4299317
2019,biomass_forecast,387,,118.803671423
2019,biomass_forecast,388,,174.972344717
2019,biomass_forecast,389,,212.5023804
2019,biomass_forecast,390,,192.609809262
2019,biomass_forecast,391,,177.723366987
2019,biomass_forecast,392,,160.610959567
2019,biomass_forecast,393,,204.003025409
2019,biomass_forecast,394,,234.440574302
2019,biomass_forecast,395,,176.291805263
2019,biomass_forecast,396,,419.703437373
2019,biomass_forecast,397,,106.5649567
2019,biomass_forecast,398,,70.639893303
2019,biomass_forecast,399,,132.200535147
2019,biomass_forecast,400,,93.948649628
2019,biomass_forecast,401,,140.717069797
2019,biomass_forecast,402,,33.943256248
2019,biomass_forecast,403,,3.466183186
2019,biomass_forecast,404,,0.556534176
2019,biomass_forecast,405,,1.098027914
2019,biomass_forecast,406,,0.045581911
2019,biomass_forecast,407,,2.040894412
2019,biomass_forecast,408,,1.967210322
2019,biomass_forecast,409,,3.406524972
2019,biomass_forecast,410,,15.369070976
2019,biomass_forecast,411,,7.63756184
2019,biomass_forecast,412,,0.849545142
2019,biomass_forecast,413,,0.699071626
2019,biomass_forecast,414,,0.004426583
2019,biomass_forecast,415,,0.038036088
2019,biomass_forecast,416,,48.305112402
2019,biomass_forecast,417,,82.737600185
2019,biomass_forecast,418,,100.17793438
2019,biomass_forecast,419,,71.860830407
2019,biomass_forecast,420,,15.059194414
2019,biomass_forecast,421,,39.495545127
2019,biomass_forecast,422,,67.73326111
2019,biomass_forecast,423,,23.286519292
2019,biomass_forecast,424,,4.433230319
2019,biomass_forecast,425,,2.294148684
2019,biomass_forecast,426,,2.209518162
2019,biomass_forecast,427,,17.862284378
2019,biomass_forecast,428,,115.098574556
2019,biomass_forecast,429,,208.575610362
2019,biomass_forecast,430,,146.176360858
2019,biomass_forecast,431,,197.1501407
2019,biomass_forecast,432,,86.4658965
2019,biomass_forecast,433,,120.965896332
2019,biomass_forecast,434,,97.032732758
2019,biomass_forecast,435,,143.788343441
2019,biomass_forecast,436,,88.6152649
2019,biomass_forecast,437,,216.850313735
2019,biomass_forecast,438,,144.776194346
2019,biomass_forecast,439,,182.193914218
2019,biomass_forecast,440,,195.515308479
2019,biomass_forecast,441,,115.6797333
2019,biomass_forecast,442,,265.046100727
2019,biomass_forecast,443,,169.616726793
2019,biomass_forecast,444,,113.75499585
2019,biomass_forecast,445,,157.799854111
2019,biomass_forecast,446,,330.5996377
2019,biomass_forecast,447,,248.00808534
2019,biomass_forecast,448,,133.768923521
2019,biomass_forecast,449,,174.251811046
2019,biomass_forecast,450,,135.3798523
2019,biomass_forecast,451,,121.253555078
2019,biomass_forecast,452,,152.85281064
2019,biomass_forecast,453,,104.716828824
2019,biomass_forecast,454,,75.445418171
2019,biomass_forecast,455,,0.079290886
2019,biomass_forecast,456,,0.277358889
2019,biomass_forecast,457,,0.53495221
2019,biomass_forecast,458,,4.358003527
2019,biomass_forecast,459,,5.594962989
2019,biomass_forecast,460,,18.777828485
2019,biomass_forecast,461,,1.78390883
2019,biomass_forecast,462,,3.240475416
2019,biomass_forecast,463,,45.9753418
2019,biomass_forecast,464,,8.985139827
2019,biomass_forecast,465,,43.659683942
2019,biomass_forecast,466,,25.972378508
2019,biomass_forecast,467,,2.220254258
2019,biomass_forecast,468,,33.085820043
2019,biomass_forecast,469,,4.110824135
2019,biomass_forecast,470,,0.233855472
2019,biomass_forecast,471,,0.508266252
2019,biomass_forecast,472,,20.3600769
2019,biomass_forecast,473,,11.840585567
2019,biomass_forecast,474,,25.260309743
2019,biomass_forecast,475,,34.89614678
2019,biomass_forecast,476,,1.946342588
2019,biomass_forecast,477,,16.958470879
2019,biomass_forecast,478,,47.42217359
2019,biomass_forecast,479,,14.684135198
2019,biomass_forecast,480,,1.797180118
2019,biomass_forecast,481,,1.193980694
2019,biomass_forecast,482,,9.211435324
2019,biomass_forecast,483,,196.361020753
2019,biomass_forecast,484,,310.910758014
2019,biomass_forecast,485,,281.088497942
2019,biomass_forecast,486,,172.958586795
2019,biomass_forecast,487,,394.251502622
2019,biomass_forecast,488,,213.738243726
2019,biomass_forecast,489,,138.210992008
2019,biomass_forecast,490,,168.039435107
2019,biomass_forecast,491,,212.339013438
2019,biomass_forecast,492,,241.694562388
2019,biomass_forecast,493,,253.499976017
2019,biomass_forecast,494,,265.237198448
2019,biomass_forecast,495,,252.2157135
2019,biomass_forecast,496,,228.784644034
2019,biomass_forecast,497,,220.556432723
2019,biomass_forecast,498,,173.01685305
2019,biomass_forecast,499,,193.761985457
2019,biomass_forecast,500,,236.20645557
2019,biomass_forecast,501,,295.950848006
2019,biomass_forecast,502,,333.659429098
2019,biomass_forecast,503,,196.659239577
2019,biomass_forecast,504,,145.173616134
2019,biomass_forecast,505,,92.13347626
2019,biomass_forecast,506,,102.058503905
2019,biomass_forecast,507,,125.098025169
2019,biomass_forecast,508,,132.393705668
2019,biomass_forecast,509,,118.133461798
2019,biomass_forecast,510,,19.17598343
2019,biomass_forecast,511,,4.88234521
2019,biomass_forecast,512,,2.411657994
2019,biomass_forecast,513,,0.066699106
2019,biomass_forecast,514,,1.503540022
2019,biomass_forecast,515,,1.603527069
2019,biomass_forecast,516,,1.309449792
2019,biomass_forecast,517,,0.111298267
2019,biomass_forecast,518,,6.275596065
2019,biomass_forecast,519,,28.453769686
2019,biomass_forecast,520,,8.684015233
2019,biomass_forecast,521,,2.745002031
2019,biomass_forecast,522,,0.518242167
2019,biomass_forecast,523,,0.000163556
2019,biomass_forecast,524,,0.088377878
2019,biomass_forecast,525,,3.235862287
2019,biomass_forecast,526,,22.556147663
2019,biomass_forecast,527,,48.956536991
2019,biomass_forecast,528,,2.363638124
2019,biomass_forecast,529,,44.020537924
2019,biomass_forecast,530,,21.22298241
2019,biomass_forecast,531,,20.746180184
2019,biomass_forecast,532,,30.667817024
2019,biomass_forecast,533,,108.460315689
2019,biomass_forecast,534,,32.816674102
2019,biomass_forecast,535,,39.392722237
2019,biomass_forecast,536,,78.379016723
2019,biomass_forecast,537,,55.69576645
2019,biomass_forecast,538,,15.23097178
2019,biomass_forecast,539,,2.466475943
2019,biomass_forecast,540,,21.203202711
2019,biomass_forecast,541,,24.877065401
2019,biomass_forecast,542,,0.048812206
2019,biomass_forecast,543,,19.078881984
2019,biomass_forecast,544,,271.274073035
2019,biomass_forecast,545,,206.704780168
2019,biomass_forecast,546,,354.339894908
2019,biomass_forecast,547,,403.321704465
2019,biomass_forecast,548,,286.112204612
2019,biomass_forecast,549,,195.360462212
2019,biomass_forecast,550,,217.450679785
2019,biomass_forecast,551,,236.080813902
2019,biomass_forecast,552,,214.636646056
2019,biomass_forecast,553,,181.547271178
2019,biomass_forecast,554,,259.432550731
2019,biomass_forecast,555,,263.928942463
2019,biomass_forecast,556,,276.844275768
2019,biomass_forecast,557,,199.000027623
2019,biomass_forecast,558,,187.426039378
2019,biomass_forecast,559,,259.675882244
2019,biomass_forecast,560,,292.533733995
2019,biomass_forecast,561,,233.740008736
2019,biomass_forecast,562,,230.500243106
2019,biomass_forecast,563,,176.330545516
2019,biomass_forecast,564,,186.764513984
2019,biomass_forecast,565,,131.928409669
2019,biomass_forecast,566,,118.042887327
2019,biomass_forecast,567,,156.215435859
2019,biomass_forecast,568,,193.384133371
2019,biomass_forecast,569,,75.116920124
2019,biomass_forecast,570,,21.53723717
2019,biomass_forecast,571,,22.39606822
2019,biomass_forecast,572,,4.955074125
2019,biomass_forecast,573,,1.375322223
2019,biomass_forecast,574,,4.866955739
2019,biomass_forecast,575,,7.52492094
2019,biomass_forecast,576,,2.472407341
2019,biomass_forecast,577,,2.236347437
2019,biomass_forecast,578,,27.85640335
2019,biomass_forecast,579,,13.594908307
2019,biomass_forecast,580,,2.434432745
2019,biomass_forecast,581,,2.853054285
2019,biomass_forecast,582,,5.823806485
2019,biomass_forecast,583,,12.850058141
2019,biomass_forecast,584,,0.26355452
2019,biomass_forecast,585,,2.137336588
2019,biomass_forecast,586,,3.940368502
2019,biomass_forecast,587,,33.185228552
2019,biomass_forecast,588,,28.954641656
2019,biomass_forecast,589,,83.7279129
2019,biomass_forecast,590,,97.356445685
2019,biomass_forecast,591,,71.27954313
2019,biomass_forecast,592,,30.052857057
2019,biomass_forecast,593,,114.010584806
2019,biomass_forecast,594,,61.56468964
2019,biomass_forecast,595,,27.937409132
2019,biomass_forecast,596,,184.657328964
2019,biomass_forecast,597,,180.76301418
2019,biomass_forecast,598,,51.903134537
2019,biomass_forecast,599,,5.243033402
2019,biomass_forecast,600,,56.372708329
2019,biomass_forecast,601,,4.658992802
2019,biomass_forecast,602,,0.001389321
2019,biomass_forecast,603,,0.36422181
2019,biomass_forecast,604,,111.893192954
2019,biomass_forecast,605,,270.473326886
2019,biomass_forecast,606,,445.50813291
2019,biomass_forecast,607,,312.313115832
2019,biomass_forecast,608,,225.565312265
2019,biomass_forecast,609,,212.155349738
2019,biomass_forecast,610,,206.077848475
2019,biomass_forecast,611,,225.945238894
2019,biomass_forecast,612,,163.569140026
2019,biomass_forecast,613,,126.475260814
2019,biomass_forecast,614,,155.670416161
2019,biomass_forecast,615,,212.496296592
2019,biomass_forecast,616,,269.85160121
2019,biomass_forecast,617,,166.49122757
2019,biomass_forecast,618,,209.665845423
2019,biomass_forecast,619,,175.534877417
2019,biomass_forecast,620,,192.753990523
2019,biomass_forecast,621,,135.637632414
2019,biomass_forecast,622,,218.298501261
2019,biomass_forecast,623,,167.584535849
2019,biomass_forecast,624,,150.258334347
2019,biomass_forecast,625,,183.491351705
2019,biomass_forecast,626,,50.56132507
2019,biomass_forecast,627,,101.783303952
2019,biomass_forecast,628,,104.015074447
2019,biomass_forecast,629,,92.587515738
2019,biomass_forecast,630,,52.212595354
2019,biomass_forecast,631,,30.63242912
2019,biomass_forecast,632,,10.11940289
2019,biomass_forecast,633,,27.066888763
2019,biomass_forecast,634,,23.653287723
2019,biomass_forecast,635,,4.727131637
2019,biomass_forecast,636,,14.67823982
2019,biomass_forecast,637,,78.01919556
2019,biomass_forecast,638,,7.405749321
2019,biomass_forecast,639,,39.718759337
2019,biomass_forecast,640,,12.362658309
2019,biomass_forecast,641,,20.427014648
2019,biomass_forecast,642,,22.533476289
2019,biomass_forecast,643,,8.029468536
2019,biomass_forecast,644,,41.927300895
2019,biomass_forecast,645,,33.925882294
2019,biomass_forecast,646,,7.968952491
2019,biomass_forecast,647,,61.320296272
2019,biomass_forecast,648,,10.462932227
2019,biomass_forecast,649,,18.55085733
2019,biomass_forecast,650,,33.49515533
2019,biomass_forecast,651,,60.974572124
2019,biomass_forecast,652,,9.610168431
2019,biomass_forecast,653,,77.187479272
2019,biomass_forecast,654,,17.263919235
2019,biomass_forecast,655,,9.988018036
2019,biomass_forecast,656,,10.42605782
2019,biomass_forecast,657,,0.273125054
2019,biomass_forecast,658,,56.949815551
2019,biomass_forecast,659,,131.369664616
2019,biomass_forecast,660,,20.583901298
2019,biomass_forecast,661,,0.548492266
2019,biomass_forecast,662,,0.502682447
2019,biomass_forecast,663,,0.9600925
2019,biomass_forecast,664,,11.327831644
2019,biomass_forecast,665,,27.6956129
2019,biomass_forecast,666,,19.363971776
2019,biomass_forecast,667,,3.023503305
2019,biomass_forecast,668,,8.191394466
2019,biomass_forecast,669,,1.520340087
2019,biomass_forecast,670,,20.42492104
2019,biomass_forecast,671,,146.030275807
2019,biomass_forecast,672,,266.411167707
2019,biomass_forecast,673,,341.352810986
2019,biomass_forecast,674,,251.433157889
2019,biomass_forecast,675,,321.851586747
2019,biomass_forecast,676,,190.287694549
2019,biomass_forecast,677,,150.135175914
2019,biomass_forecast,678,,139.6024551
2019,biomass_forecast,679,,153.36341024
2019,biomass_forecast,680,,122.758392836
2019,biomass_forecast,681,,178.680997303
2019,biomass_forecast,682,,134.436751129
2019,biomass_forecast,683,,69.044193518
2019,biomass_forecast,684,,210.774227555
2019,biomass_forecast,685,,163.87112252
2019,biomass_forecast,686,,189.033098918
2019,biomass_forecast,687,,139.922258884
2019,biomass_forecast,688,,166.268625534
2019,biomass_forecast,689,,93.148965909
2019,biomass_forecast,690,,213.341580488
2019,biomass_forecast,691,,216.018141922
2019,biomass_forecast,692,,71.914677498
2019,biomass_forecast,693,,60.516992931
2019,biomass_forecast,694,,43.319983432
2019,biomass_forecast,695,,85.92857625
2019,biomass_forecast,696,,87.346006632
2019,biomass_forecast,697,,92.98397827
2019,biomass_forecast,698,,42.452867744
2019,biomass_forecast,699,,60.727821556
2019,biomass_forecast,700,,43.41708374
2019,biomass_forecast,701,,10.584370326
2019,biomass_forecast,702,,0.814159744
2019,biomass_forecast,703,,0.693145075
2019,biomass_forecast,704,,1.367158875
2019,biomass_forecast,705,,33.540450119
2019,biomass_forecast,706,,56.909297465
2019,biomass_forecast,707,,36.805734382
2019,biomass_forecast,708,,36.7697258
2019,biomass_forecast,709,,28.54877019
2019,biomass_forecast,710,,14.038392772
2019,biomass_forecast,711,,27.922282738
2019,biomass_forecast,712,,67.62286377
2019,biomass_forecast,713,,18.251918983
2019,biomass_forecast,714,,1.127379157
2019,biomass_forecast,715,,17.412697401
2019,biomass_forecast,716,,3.796326842
2019,biomass_forecast,717,,9.980270386
2019,biomass_forecast,718,,5.604198781
2019,biomass_forecast,719,,16.323634115
2019,biomass_forecast,720,,64.684574757
2019,biomass_forecast,721,,9.001052882
2019,biomass_forecast,722,,5.020583686
2019,biomass_forecast,723,,0.013848164
2019,biomass_forecast,724,,0.023078024
2019,biomass_forecast,725,,0.296192765
2019,biomass_forecast,726,,3.953535887
2019,biomass_forecast,727,,91.769379129
2019,biomass_forecast,728,,135.088904063
2019,biomass_forecast,729,,83.02619171
2019,biomass_forecast,730,,185.7462769
2019,biomass_forecast,731,,187.9098816
2019,biomass_forecast,732,,214.361654919
2019,biomass_forecast,733,,253.844120149
2019,biomass_forecast,734,,182.245155216
2019,biomass_forecast,735,,282.97114573
2019,biomass_forecast,736,,127.30884507
2019,biomass_forecast,737,,186.092612617
2019,biomass_forecast,738,,91.888919044
2019,biomass_forecast,739,,28.830241954
2019,biomass_forecast,740,,34.313435977
2019,biomass_forecast,741,,146.293493365
2019,biomass_forecast,742,,267.429986383
2019,biomass_forecast,743,,236.371351197
2019,biomass_forecast,744,,238.845363625
2019,biomass_forecast,745,,190.610605998
2019,biomass_forecast,746,,134.42350834
2019,biomass_forecast,747,,149.793366383
2019,biomass_forecast,748,,162.404824117
2019,biomass_forecast,749,,106.914683259
2019,biomass_forecast,750,,61.211290092
2019,biomass_forecast,751,,66.093024732
2019,biomass_forecast,752,,97.728343961
2019,biomass_forecast,753,,158.381161757
2019,biomass_forecast,754,,238.312681594
2019,biomass_forecast,755,,172.087915425
2019,biomass_forecast,756,,100.163421372
2019,biomass_forecast,757,,162.0280151
2019,biomass_forecast,758,,167.207851276
2019,biomass_forecast,759,,98.214781024
2019,biomass_forecast,760,,138.518482143
2019,biomass_forecast,761,,64.144130578
2019,biomass_forecast,762,,57.48247147
2019,biomass_forecast,763,,74.571952464
2019,biomass_forecast,764,,85.764654027
2019,biomass_forecast,765,,66.147972109
2019,biomass_forecast,766,,70.955885175
2019,biomass_forecast,767,,48.19719932
2019,biomass_forecast,768,,126.698384514
2019,biomass_forecast,769,,49.9251976
2019,biomass_forecast,770,,12.234268562
2019,biomass_forecast,771,,21.617056817
2019,biomass_forecast,772,,12.176355808
2019,biomass_forecast,773,,0.00700566
2019,biomass_forecast,774,,3.736710322
2019,biomass_forecast,775,,59.926526442
2019,biomass_forecast,776,,46.20794296
2019,biomass_forecast,777,,12.45156193
2019,biomass_forecast,778,,9.523165703
2019,biomass_forecast,779,,2.107195241
2019,biomass_forecast,780,,15.638332846
2019,biomass_forecast,781,,32.635418776
2019,biomass_forecast,782,,12.508186162
2019,biomass_forecast,783,,2.559967842
2019,biomass_forecast,784,,12.915583984
2019,biomass_forecast,785,,8.379278183
2019,biomass_forecast,786,,5.449555874
2019,biomass_forecast,787,,7.367471695
2019,biomass_forecast,788,,27.295071637
2019,biomass_forecast,789,,22.77512271
2019,biomass_forecast,790,,3.626208928
2019,biomass_forecast,791,,0.683470094
2019,biomass_forecast,792,,224.0940704
2019,biomass_forecast,793,,769.1560059
2019,biomass_forecast,794,,527.496257577
2019,biomass_forecast,795,,380.38932868
2019,biomass_forecast,796,,680.1408691
2019,biomass_forecast,797,,544.4949341
2019,biomass_forecast,798,,448.033352452
2019,biomass_forecast,799,,477.782187869
2019,biomass_forecast,800,,420.466554495
2019,biomass_forecast,801,,205.661300406
2019,biomass_forecast,802,,181.08203015
2019,biomass_forecast,803,,322.867415257
2019,biomass_forecast,804,,319.376448381
2019,biomass_forecast,805,,99.201990431
2019,biomass_forecast,806,,98.35939742
2019,biomass_forecast,807,,117.115877278
2019,biomass_forecast,808,,119.391981442
2019,biomass_forecast,809,,179.151212765
2019,biomass_forecast,810,,281.115006259
2019,biomass_forecast,811,,290.027830231
2019,biomass_forecast,812,,280.259903262
2019,biomass_forecast,813,,190.929235554
2019,biomass_forecast,814,,162.516780386
2019,biomass_forecast,815,,124.288796355
2019,biomass_forecast,816,,17.37151909
2019,biomass_forecast,817,,1.262833102
2019,biomass_forecast,818,,97.792377854
2019,biomass_forecast,819,,169.41692229
2019,biomass_forecast,820,,117.764067265
2019,biomass_forecast,821,,104.584184221
2019,biomass_forecast,822,,135.111066646
2019,biomass_forecast,823,,199.488699126
2019,biomass_forecast,824,,241.41903295
2019,biomass_forecast,825,,150.629012838
2019,biomass_forecast,826,,76.757179698
2019,biomass_forecast,827,,76.09445305
2019,biomass_forecast,828,,91.8833313
2019,biomass_forecast,829,,84.35275269
2019,biomass_forecast,830,,64.447248549
2019,biomass_forecast,831,,33.874527106
2019,biomass_forecast,832,,47.54753685
2019,biomass_forecast,833,,133.92606344
2019,biomass_forecast,834,,26.885493904
2019,biomass_forecast,835,,11.21866512
2019,biomass_forecast,836,,9.706971674
2019,biomass_forecast,837,,22.93314769
2019,biomass_forecast,838,,6.892708778
2019,biomass_forecast,839,,0.024478273
2019,biomass_forecast,840,,3.383951926
2019,biomass_forecast,841,,21.49926567
2019,biomass_forecast,842,,11.03176689
2019,biomass_forecast,843,,15.88436127
2019,biomass_forecast,844,,43.73127747
2019,biomass_forecast,845,,30.52135658
2019,biomass_forecast,846,,43.60821915
2019,biomass_forecast,847,,21.974903857
2019,biomass_forecast,848,,9.868994713
2019,biomass_forecast,849,,6.094744559
2019,biomass_forecast,850,,1.639760852
2019,biomass_forecast,851,,14.102822448
2019,biomass_forecast,852,,0.559651048
2019,biomass_forecast,853,,1.732948517
2019,biomass_forecast,854,,85.37456241
2019,biomass_forecast,855,,7.705509389
2019,biomass_forecast,856,,16.510318224
2019,biomass_forecast,857,,489.6257019
2019,biomass_forecast,858,,883.6917114
2019,biomass_forecast,859,,653.605835
2019,biomass_forecast,860,,555.8557739
2019,biomass_forecast,861,,594.222233381
2019,biomass_forecast,862,,692.037193916
2019,biomass_forecast,863,,476.614404222
2019,biomass_forecast,864,,465.9560852
2019,biomass_forecast,865,,215.72554918
2019,biomass_forecast,866,,330.099192699
2019,biomass_forecast,867,,253.198716418
2019,biomass_forecast,868,,170.805998678
2019,biomass_forecast,869,,319.422353174
2019,biomass_forecast,870,,196.351549815
2019,biomass_forecast,871,,278.232840019
2019,biomass_forecast,872,,106.425540059
2019,biomass_forecast,873,,49.907351641
2019,biomass_forecast,874,,192.840006927
2019,biomass_forecast,875,,229.29021794
2019,biomass_forecast,876,,280.773900227
2019,biomass_forecast,877,,284.33813483
2019,biomass_forecast,878,,216.855712611
2019,biomass_forecast,879,,271.089392573
2019,biomass_forecast,880,,141.773088665
2019,biomass_forecast,881,,49.518862087
2019,biomass_forecast,882,,42.46440827
2019,biomass_forecast,883,,164.452905979
2019,biomass_forecast,884,,223.721329164
2019,biomass_forecast,885,,157.391193699
2019,biomass_forecast,886,,252.349119751
2019,biomass_forecast,887,,179.560228656
2019,biomass_forecast,888,,151.381677139
2019,biomass_forecast,889,,245.887421085
2019,biomass_forecast,890,,213.118444696
2019,biomass_forecast,891,,144.093912258
2019,biomass_forecast,892,,110.940640198
2019,biomass_forecast,893,,162.8993606
2019,biomass_forecast,894,,153.37013242
2019,biomass_forecast,895,,181.1920318
2019,biomass_forecast,896,,110.945486646
2019,biomass_forecast,897,,95.87498474
2019,biomass_forecast,898,,85.69452617
2019,biomass_forecast,899,,8.289104461
2019,biomass_forecast,900,,0.496044157
2019,biomass_forecast,901,,3.640692155
2019,biomass_forecast,902,,4.608560709
2019,biomass_forecast,903,,1.018046968
2019,biomass_forecast,904,,0.012473964
2019,biomass_forecast,905,,14.899630305
2019,biomass_forecast,906,,69.03610229
2019,biomass_forecast,907,,115.776638165
2019,biomass_forecast,908,,142.7844696
2019,biomass_forecast,909,,181.305165245
2019,biomass_forecast,910,,62.20345688
2019,biomass_forecast,911,,67.823080397
2019,biomass_forecast,912,,6.61042022
2019,biomass_forecast,913,,33.735023521
2019,biomass_forecast,914,,0.668189103
2019,biomass_forecast,915,,0.206827618
2019,biomass_forecast,916,,9.905332601
2019,biomass_forecast,917,,1.55986176
2019,biomass_forecast,918,,9.600496119
2019,biomass_forecast,919,,172.598890685
2019,biomass_forecast,920,,543.085924062
2019,biomass_forecast,921,,880.6994629
2019,biomass_forecast,922,,797.3162231
2019,biomass_forecast,923,,549.9771118
2019,biomass_forecast,924,,492.2460938
2019,biomass_forecast,925,,185.277172837
2019,biomass_forecast,926,,224.8195496
2019,biomass_forecast,927,,317.478066216
2019,biomass_forecast,928,,169.111636506
2019,biomass_forecast,929,,674.036048643
2019,biomass_forecast,930,,322.838438623
2019,biomass_forecast,931,,266.960998228
2019,biomass_forecast,932,,307.939778356
2019,biomass_forecast,933,,116.791650032
2019,biomass_forecast,934,,339.302568639
2019,biomass_forecast,935,,141.053358505
2019,biomass_forecast,936,,172.922220816
2019,biomass_forecast,937,,82.821014601
2019,biomass_forecast,938,,154.27550194
2019,biomass_forecast,939,,309.858033005
2019,biomass_forecast,940,,242.823630192
2019,biomass_forecast,941,,243.965053061
2019,biomass_forecast,942,,255.957407547
2019,biomass_forecast,943,,155.572882469
2019,biomass_forecast,944,,157.228837304
2019,biomass_forecast,945,,187.350771829
2019,biomass_forecast,946,,187.3986664
2019,biomass_forecast,947,,197.326255137
2019,biomass_forecast,948,,203.282211289
2019,biomass_forecast,949,,288.733604858
2019,biomass_forecast,950,,203.222430862
2019,biomass_forecast,951,,182.527217512
2019,biomass_forecast,952,,180.874827149
2019,biomass_forecast,953,,216.838869637
2019,biomass_forecast,954,,194.028492536
2019,biomass_forecast,955,,128.134348166
2019,biomass_forecast,956,,150.21945182
2019,biomass_forecast,957,,73.926907217
2019,biomass_forecast,958,,109.799656454
2019,biomass_forecast,959,,92.928795338
2019,biomass_forecast,960,,123.925581271
2019,biomass_forecast,961,,41.199508157
2019,biomass_forecast,962,,23.06790764
2019,biomass_forecast,963,,10.582938636
2019,biomass_forecast,964,,5.165800564
2019,biomass_forecast,965,,1.526147735
2019,biomass_forecast,966,,9.852334852
2019,biomass_forecast,967,,6.747635578
2019,biomass_forecast,968,,6.962238217
2019,biomass_forecast,969,,0.014013031
2019,biomass_forecast,970,,5.269842625
2019,biomass_forecast,971,,12.5099535
2019,biomass_forecast,972,,18.628563898
2019,biomass_forecast,973,,72.172120024
2019,biomass_forecast,974,,32.583943908
2019,biomass_forecast,975,,15.466353628
2019,biomass_forecast,976,,5.782622184
2019,biomass_forecast,977,,6.555968672
2019,biomass_forecast,978,,0.006102532
2019,biomass_forecast,979,,3.422098454
2019,biomass_forecast,980,,141.967289581
2019,biomass_forecast,981,,177.740483093
2019,biomass_forecast,982,,145.277736996
2019,biomass_forecast,983,,664.420514316
2019,biomass_forecast,984,,427.999526898
2019,biomass_forecast,985,,115.1618576
2019,biomass_forecast,986,,99.29561615
2019,biomass_forecast,987,,238.712586815
2019,biomass_forecast,988,,212.142909608
2019,biomass_forecast,989,,98.035728888
2019,biomass_forecast,990,,202.214579223
2019,biomass_forecast,991,,339.49047446
2019,biomass_forecast,992,,210.568469777
2019,biomass_forecast,993,,215.324915185
2019,biomass_forecast,994,,211.737684156
2019,biomass_forecast,995,,255.255534301
2019,biomass_forecast,996,,291.554439202
2019,biomass_forecast,997,,131.663260966
2019,biomass_forecast,998,,337.659310474
2019,biomass_forecast,999,,241.832019281
2019,biomass_forecast,1000,,48.60927965
2019,biomass_forecast,1001,,251.988702762
2019,biomass_forecast,1002,,308.548563543
2019,biomass_forecast,1003,,352.129303175
2019,biomass_forecast,1004,,207.080012023
2019,biomass_forecast,1005,,240.475411005
2019,biomass_forecast,1006,,143.02418529
2019,biomass_forecast,1007,,167.8922261
2019,biomass_forecast,1008,,173.870517284
2019,biomass_forecast,1009,,189.589421149
2019,biomass_forecast,1010,,273.187916913
2019,biomass_forecast,1011,,249.905892917
2019,biomass_forecast,1012,,174.332257248
2019,biomass_forecast,1013,,235.277741865
2019,biomass_forecast,1014,,228.800158999
2019,biomass_forecast,1015,,131.705648942
2019,biomass_forecast,1016,,257.998483695
2019,biomass_forecast,1017,,67.382469815
2019,biomass_forecast,1018,,197.599932766
2019,biomass_forecast,1019,,52.180130547
2019,biomass_forecast,1020,,204.54608583
2019,biomass_forecast,1021,,76.143528338
2019,biomass_forecast,1022,,92.761682985
2019,biomass_forecast,1023,,34.09774781
2019,biomass_forecast,1024,,30.499458617
2019,biomass_forecast,1025,,20.338432141
2019,biomass_forecast,1026,,10.261003241
2019,biomass_forecast,1027,,6.495692773
2019,biomass_forecast,1028,,17.2524109
2019,biomass_forecast,1029,,12.752924931
2019,biomass_forecast,1030,,8.914110679
2019,biomass_forecast,1031,,0.005212937
2019,biomass_forecast,1032,,0.052296301
2019,biomass_forecast,1033,,23.448593857
2019,biomass_forecast,1034,,44.820665862
2019,biomass_forecast,1035,,250.842649383
2019,biomass_forecast,1036,,350.372400812
2019,biomass_forecast,1037,,339.961954058
2019,biomass_forecast,1038,,416.213727558
2019,biomass_forecast,1039,,523.9963989
2019,biomass_forecast,1040,,308.0440674
2019,biomass_forecast,1041,,82.255759075
2019,biomass_forecast,1042,,190.513037931
2019,biomass_forecast,1043,,109.335330163
2019,biomass_forecast,1044,,85.058942444
2019,biomass_forecast,1045,,161.735683226
2019,biomass_forecast,1046,,150.639563559
2019,biomass_forecast,1047,,155.874649402
2019,biomass_forecast,1048,,176.119501283
2019,biomass_forecast,1049,,265.758492419
2019,biomass_forecast,1050,,160.269283395
2019,biomass_forecast,1051,,437.944883186
2019,biomass_forecast,1052,,170.114385823
2019,biomass_forecast,1053,,254.937031924
2019,biomass_forecast,1054,,165.997403493
2019,biomass_forecast,1055,,18.672850825
2019,biomass_forecast,1056,,114.921740524
2019,biomass_forecast,1057,,159.869700272
2019,biomass_forecast,1058,,129.978764219
2019,biomass_forecast,1059,,221.566111625
2019,biomass_forecast,1060,,209.595341433
2019,biomass_forecast,1061,,149.534628599
2019,biomass_forecast,1062,,151.956887237
2019,biomass_forecast,1063,,218.845608539
2019,biomass_forecast,1064,,207.041587705
2019,biomass_forecast,1065,,194.32978002
2019,biomass_forecast,1066,,170.347742153
2019,biomass_forecast,1067,,186.179304125
2019,biomass_forecast,1068,,191.95363047
2019,biomass_forecast,1069,,165.452060476
2019,biomass_forecast,1070,,198.886722979
2019,biomass_forecast,1071,,391.467485774
2019,biomass_forecast,1072,,153.0123901
2019,biomass_forecast,1073,,191.139246574
2019,biomass_forecast,1074,,87.047722612
2019,biomass_forecast,1075,,72.361101397
2019,biomass_forecast,1076,,58.69290543
2019,biomass_forecast,1077,,93.511271972
2019,biomass_forecast,1078,,35.16165923
2019,biomass_forecast,1079,,17.115494878
2019,biomass_forecast,1080,,19.571878199
2019,biomass_forecast,1081,,16.62023735
2019,biomass_forecast,1082,,19.56802559
2019,biomass_forecast,1083,,10.571496105
2019,biomass_forecast,1084,,6.10034132
2019,biomass_forecast,1085,,1.370698338
2019,biomass_forecast,1086,,16.909135886
2019,biomass_forecast,1087,,168.293265798
2019,biomass_forecast,1088,,238.776817061
2019,biomass_forecast,1089,,78.518165356
2019,biomass_forecast,1090,,77.538316202
2019,biomass_forecast,1091,,308.731856202
2019,biomass_forecast,1092,,499.8390198
2019,biomass_forecast,1093,,529.5656738
2019,biomass_forecast,1094,,507.940457222
2019,biomass_forecast,1095,,193.049538532
2019,biomass_forecast,1096,,241.5360565
2019,biomass_forecast,1097,,186.908864889
2019,biomass_forecast,1098,,191.157662952
2019,biomass_forecast,1099,,211.499891441
2019,biomass_forecast,1100,,314.403663713
2019,biomass_forecast,1101,,191.253084317
2019,biomass_forecast,1102,,167.997257359
2019,biomass_forecast,1103,,329.618496903
2019,biomass_forecast,1104,,284.547814302
2019,biomass_forecast,1105,,101.862364004
2019,biomass_forecast,1106,,181.228978991
2019,biomass_forecast,1107,,207.94981254
2019,biomass_forecast,1108,,309.156468811
2019,biomass_forecast,1109,,46.128245182
2019,biomass_forecast,1110,,70.107539795
2019,biomass_forecast,1111,,136.924644229
2019,biomass_forecast,1112,,179.16069421
2019,biomass_forecast,1113,,267.348244098
2019,biomass_forecast,1114,,284.836508479
2019,biomass_forecast,1115,,173.661280456
2019,biomass_forecast,1116,,165.646608949
2019,biomass_forecast,1117,,272.762454667
2019,biomass_forecast,1118,,298.602559545
2019,biomass_forecast,1119,,151.267046925
2019,biomass_forecast,1120,,256.520566394
2019,biomass_forecast,1121,,237.445703618
2019,biomass_forecast,1122,,369.311276156
2019,biomass_forecast,1123,,253.922211726
2019,biomass_forecast,1124,,160.499568457
2019,biomass_forecast,1125,,220.65740667
2019,biomass_forecast,1126,,170.5302582
2019,biomass_forecast,1127,,187.800517818
2019,biomass_forecast,1128,,124.843979681
2019,biomass_forecast,1129,,93.907464582
2019,biomass_forecast,1130,,85.638909794
2019,biomass_forecast,1131,,107.705126316
2019,biomass_forecast,1132,,31.16321182
2019,biomass_forecast,1133,,23.358178687
2019,biomass_forecast,1134,,28.18823433
2019,biomass_forecast,1135,,16.975449269
2019,biomass_forecast,1136,,8.199409754
2019,biomass_forecast,1137,,7.022222843
2019,biomass_forecast,1138,,1.983816934
2019,biomass_forecast,1139,,0.021219558
2019,biomass_forecast,1140,,17.031137721
2019,biomass_forecast,1141,,164.871503625
2019,biomass_forecast,1142,,369.836142865
2019,biomass_forecast,1143,,323.488889681
2019,biomass_forecast,1144,,153.882084236
2019,biomass_forecast,1145,,275.109045147
2019,biomass_forecast,1146,,933.42691825
2019,biomass_forecast,1147,,731.6055908
2019,biomass_forecast,1148,,497.599465204
2019,biomass_forecast,1149,,401.210776314
2019,biomass_forecast,1150,,193.057501331
2019,biomass_forecast,1151,,261.3853149
2019,biomass_forecast,1152,,239.800879466
2019,biomass_forecast,1153,,181.066232166
2019,biomass_forecast,1154,,188.639941883
2019,biomass_forecast,1155,,212.1226278
2019,biomass_forecast,1156,,173.940562793
2019,biomass_forecast,1157,,136.902198302
2019,biomass_forecast,1158,,230.991993198
2019,biomass_forecast,1159,,348.615982027
2019,biomass_forecast,1160,,145.436255683
2019,biomass_forecast,1161,,235.985436872
2019,biomass_forecast,1162,,142.667536777
2019,biomass_forecast,1163,,269.630535243
2019,biomass_forecast,1164,,88.64587413
2019,biomass_forecast,1165,,151.86475371
2019,biomass_forecast,1166,,166.017590593
2019,biomass_forecast,1167,,178.349673156
2019,biomass_forecast,1168,,229.485678562
2019,biomass_forecast,1169,,228.397893145
2019,biomass_forecast,1170,,267.027266163
2019,biomass_forecast,1171,,189.018817437
2019,biomass_forecast,1172,,295.358222813
2019,biomass_forecast,1173,,328.128579269
2019,biomass_forecast,1174,,225.997419905
2019,biomass_forecast,1175,,150.378360566
2019,biomass_forecast,1176,,311.477008797
2019,biomass_forecast,1177,,334.724992762
2019,biomass_forecast,1178,,242.240638725
2019,biomass_forecast,1179,,400.613165842
2019,biomass_forecast,1180,,303.645009055
2019,biomass_forecast,1181,,251.776681406
2019,biomass_forecast,1182,,157.682128424
2019,biomass_forecast,1183,,119.614681397
2019,biomass_forecast,1184,,126.764868459
2019,biomass_forecast,1185,,107.358892471
2019,biomass_forecast,1186,,172.739842961
2019,biomass_forecast,1187,,33.91828919
2019,biomass_forecast,1188,,20.357010244
2019,biomass_forecast,1189,,18.677380057
2019,biomass_forecast,1190,,4.772700682
2019,biomass_forecast,1191,,3.081703993
2019,biomass_forecast,1192,,0.259201582
2019,biomass_forecast,1193,,0.707344887
2019,biomass_forecast,1194,,11.425639955
2019,biomass_forecast,1195,,22.217977993
2019,biomass_forecast,1196,,179.758853458
2019,biomass_forecast,1197,,277.154581843
2019,biomass_forecast,1198,,269.346138066
2019,biomass_forecast,1199,,244.860979488
2019,biomass_forecast,1200,,209.622132062
2019,biomass_forecast,1201,,253.818430397
2019,biomass_forecast,1202,,418.639978412
2019,biomass_forecast,1203,,587.174139572
2019,biomass_forecast,1204,,727.864784229
2019,biomass_forecast,1205,,349.728522558
2019,biomass_forecast,1206,,220.812637456
2019,biomass_forecast,1207,,66.6725769
2019,biomass_forecast,1208,,43.031290065
2019,biomass_forecast,1209,,92.972181116
2019,biomass_forecast,1210,,283.3859252
2019,biomass_forecast,1211,,181.841120258
2019,biomass_forecast,1212,,228.472747286
2019,biomass_forecast,1213,,208.534248256
2019,biomass_forecast,1214,,403.385954592
2019,biomass_forecast,1215,,320.804625286
2019,biomass_forecast,1216,,294.698323255
2019,biomass_forecast,1217,,266.197388008
2019,biomass_forecast,1218,,65.403101277
2019,biomass_forecast,1219,,87.030960524
2019,biomass_forecast,1220,,23.026686658
2019,biomass_forecast,1221,,29.397809374
2019,biomass_forecast,1222,,128.375187058
2019,biomass_forecast,1223,,198.062525306
2019,biomass_forecast,1224,,247.3015442
2019,biomass_forecast,1225,,244.049590302
2019,biomass_forecast,1226,,196.911467566
2019,biomass_forecast,1227,,180.868338281
2019,biomass_forecast,1228,,254.865418041
2019,biomass_forecast,1229,,326.166093012
2019,biomass_forecast,1230,,281.490215075
2019,biomass_forecast,1231,,357.388972975
2019,biomass_forecast,1232,,420.281019066
2019,biomass_forecast,1233,,153.290544795
2019,biomass_forecast,1234,,350.751894704
2019,biomass_forecast,1235,,272.060271103
2019,biomass_forecast,1236,,203.205585279
2019,biomass_forecast,1237,,255.029548523
2019,biomass_forecast,1238,,75.904335931
2019,biomass_forecast,1239,,106.878551273
2019,biomass_forecast,1240,,138.525390823
2019,biomass_forecast,1241,,219.856955242
2019,biomass_forecast,1242,,185.474839616
2019,biomass_forecast,1243,,29.449521992
2019,biomass_forecast,1244,,21.549318554
2019,biomass_forecast,1245,,21.30789375
2019,biomass_forecast,1246,,5.059750695
2019,biomass_forecast,1247,,2.02853632
2019,biomass_forecast,1248,,2.192786932
2019,biomass_forecast,1249,,0.221872601
2019,biomass_forecast,1250,,1.938906957
2019,biomass_forecast,1251,,0.909905267
2019,biomass_forecast,1252,,7.981265143
2019,biomass_forecast,1253,,74.708633497
2019,biomass_forecast,1254,,163.614253672
2019,biomass_forecast,1255,,291.576318596
2019,biomass_forecast,1256,,312.512180135
2019,biomass_forecast,1257,,319.309189727
2019,biomass_forecast,1258,,388.838937344
2019,biomass_forecast,1259,,286.324307707
2019,biomass_forecast,1260,,284.402663699
2019,biomass_forecast,1261,,290.0649271
2019,biomass_forecast,1262,,383.321715826
2019,biomass_forecast,1263,,418.771354532
2019,biomass_forecast,1264,,235.174944625
2019,biomass_forecast,1265,,236.1520081
2019,biomass_forecast,1266,,37.125603321
2019,biomass_forecast,1267,,163.98747446
2019,biomass_forecast,1268,,339.291979163
2019,biomass_forecast,1269,,149.53884153
2019,biomass_forecast,1270,,236.023076825
2019,biomass_forecast,1271,,382.195918877
2019,biomass_forecast,1272,,326.263679586
2019,biomass_forecast,1273,,373.583411667
2019,biomass_forecast,1274,,323.156825124
2019,biomass_forecast,1275,,350.028939796
2019,biomass_forecast,1276,,107.405371298
2019,biomass_forecast,1277,,42.923963099
2019,biomass_forecast,1278,,44.050217584
2019,biomass_forecast,1279,,3.102256536
2019,biomass_forecast,1280,,105.058300019
2019,biomass_forecast,1281,,115.410551086
2019,biomass_forecast,1282,,96.22433637
2019,biomass_forecast,1283,,43.832257356
2019,biomass_forecast,1284,,196.480873209
2019,biomass_forecast,1285,,271.778554355
2019,biomass_forecast,1286,,285.918851862
2019,biomass_forecast,1287,,432.590223569
2019,biomass_forecast,1288,,397.522817284
2019,biomass_forecast,1289,,342.838990085
2019,biomass_forecast,1290,,383.135864297
2019,biomass_forecast,1291,,409.567691907
2019,biomass_forecast,1292,,127.027293305
2019,biomass_forecast,1293,,106.62973052
2019,biomass_forecast,1294,,38.063107592
2019,biomass_forecast,1295,,120.612508737
2019,biomass_forecast,1296,,155.943351742
2019,biomass_forecast,1297,,85.032794027
2019,biomass_forecast,1298,,20.1839962
2019,biomass_forecast,1299,,12.811652714
2019,biomass_forecast,1300,,131.970335058
2019,biomass_forecast,1301,,481.601069429
2019,biomass_forecast,1302,,281.407084638
2019,biomass_forecast,1303,,132.637026782
2019,biomass_forecast,1304,,36.748030531
2019,biomass_forecast,1305,,55.766330989
2019,biomass_forecast,1306,,2.556933083
2019,biomass_forecast,1307,,23.591690615
2019,biomass_forecast,1308,,15.790498695
2019,biomass_forecast,1309,,0.724254618
2019,biomass_forecast,1310,,0.072864401
2019,biomass_forecast,1311,,0.54245019
2019,biomass_forecast,1312,,4.112901967
2019,biomass_forecast,1313,,5.144859607
2019,biomass_forecast,1314,,1.721441627
2019,biomass_forecast,1315,,4.286949161
2019,biomass_forecast,1316,,0.751832272
2019,biomass_forecast,1317,,7.26007165
2019,biomass_forecast,1318,,34.857809088
2019,biomass_forecast,1319,,118.683791392
2019,biomass_forecast,1320,,327.174813768
2019,biomass_forecast,1321,,452.899358869
2019,biomass_forecast,1322,,407.528004907
2019,biomass_forecast,1323,,229.016935661
2019,biomass_forecast,1324,,69.205847118
2019,biomass_forecast,1325,,284.120952716
2019,biomass_forecast,1326,,403.210347365
2019,biomass_forecast,1327,,318.597294324
2019,biomass_forecast,1328,,224.362227912
2019,biomass_forecast,1329,,108.396893742
2019,biomass_forecast,1330,,151.136455769
2019,biomass_forecast,1331,,343.044901841
2019,biomass_forecast,1332,,130.792315246
2019,biomass_forecast,1333,,51.632665872
2019,biomass_forecast,1334,,255.339427753
2019,biomass_forecast,1335,,198.51429335
2019,biomass_forecast,1336,,144.11212726
2019,biomass_forecast,1337,,190.346344343
2019,biomass_forecast,1338,,186.140604054
2019,biomass_forecast,1339,,209.405580637
2019,biomass_forecast,1340,,293.523290733
2019,biomass_forecast,1341,,262.927567616
2019,biomass_forecast,1342,,316.535737579
2019,biomass_forecast,1343,,265.116643056
2019,biomass_forecast,1344,,119.480114367
2019,biomass_forecast,1345,,21.727980501
2019,biomass_forecast,1346,,233.649600512
2019,biomass_forecast,1347,,83.887012351
2019,biomass_forecast,1348,,26.853998906
2019,biomass_forecast,1349,,10.151169846
2019,biomass_forecast,1350,,60.626673378
2019,biomass_forecast,1351,,77.262971418
2019,biomass_forecast,1352,,121.824169619
2019,biomass_forecast,1353,,324.034660671
2019,biomass_forecast,1354,,378.049191432
2019,biomass_forecast,1355,,297.06064279
2019,biomass_forecast,1356,,357.220135387
2019,biomass_forecast,1357,,406.404924664
2019,biomass_forecast,1358,,234.516082902
2019,biomass_forecast,1359,,64.704537866
2019,biomass_forecast,1360,,26.27244496
2019,biomass_forecast,1361,,113.172416788
2019,biomass_forecast,1362,,124.406872715
2019,biomass_forecast,1363,,62.879953385
2019,biomass_forecast,1364,,88.318563293
2019,biomass_forecast,1365,,40.947546247
2019,biomass_forecast,1366,,156.855015601
2019,biomass_forecast,1367,,377.4427795
2019,biomass_forecast,1368,,268.211680308
2019,biomass_forecast,1369,,194.221186481
2019,biomass_forecast,1370,,21.733124471
2019,biomass_forecast,1371,,2.770819264
2019,biomass_forecast,1372,,2.044094086
2019,biomass_forecast,1373,,7.170702925
2019,biomass_forecast,1374,,3.572692191
2019,biomass_forecast,1375,,1.185430884
2019,biomass_forecast,1376,,23.804116408
2019,biomass_forecast,1377,,44.02616501
2019,biomass_forecast,1378,,109.090003188
2019,biomass_forecast,1379,,62.486417693
2019,biomass_forecast,1380,,23.643483294
2019,biomass_forecast,1381,,11.989306357
2019,biomass_forecast,1382,,17.06605911
2019,biomass_forecast,1383,,50.389644502
2019,biomass_forecast,1384,,183.360364595
2019,biomass_forecast,1385,,193.913825977
2019,biomass_forecast,1386,,176.032225213
2019,biomass_forecast,1387,,271.569093229
2019,biomass_forecast,1388,,245.082137275
2019,biomass_forecast,1389,,240.209840129
2019,biomass_forecast,1390,,258.902531645
2019,biomass_forecast,1391,,292.160771165
2019,biomass_forecast,1392,,230.534538412
2019,biomass_forecast,1393,,356.444616683
2019,biomass_forecast,1394,,68.735641837
2019,biomass_forecast,1395,,123.640787673
2019,biomass_forecast,1396,,172.916520904
2019,biomass_forecast,1397,,259.75213385
2019,biomass_forecast,1398,,287.460201748
2019,biomass_forecast,1399,,143.052514762
2019,biomass_forecast,1400,,182.304267878
2019,biomass_forecast,1401,,169.053809074
2019,biomass_forecast,1402,,150.670545514
2019,biomass_forecast,1403,,168.55261415
2019,biomass_forecast,1404,,161.205244478
2019,biomass_forecast,1405,,331.427827144
2019,biomass_forecast,1406,,281.076513481
2019,biomass_forecast,1407,,448.860065744
2019,biomass_forecast,1408,,337.592973009
2019,biomass_forecast,1409,,320.46223517
2019,biomass_forecast,1410,,169.068750862
2019,biomass_forecast,1411,,108.871736785
2019,biomass_forecast,1412,,216.421823965
2019,biomass_forecast,1413,,68.030807495
2019,biomass_forecast,1414,,15.475265606
2019,biomass_forecast,1415,,1.145347096
2019,biomass_forecast,1416,,2.086800529
2019,biomass_forecast,1417,,1.438743353
2019,biomass_forecast,1418,,53.201952713
2019,biomass_forecast,1419,,58.163876894
2019,biomass_forecast,1420,,164.023974095
2019,biomass_forecast,1421,,218.421965598
2019,biomass_forecast,1422,,370.513648236
2019,biomass_forecast,1423,,272.979685189
2019,biomass_forecast,1424,,304.598958539
2019,biomass_forecast,1425,,201.982457047
2019,biomass_forecast,1426,,223.753010644
2019,biomass_forecast,1427,,253.057556159
2019,biomass_forecast,1428,,242.181528088
2019,biomass_forecast,1429,,317.551720863
2019,biomass_forecast,1430,,272.118598112
2019,biomass_forecast,1431,,309.657856814
2019,biomass_forecast,1432,,320.510594779
2019,biomass_forecast,1433,,343.452456317
2019,biomass_forecast,1434,,333.158659962
2019,biomass_forecast,1435,,162.084197526
2019,biomass_forecast,1436,,58.378674377
2019,biomass_forecast,1437,,19.773201511
2019,biomass_forecast,1438,,4.346043784
2019,biomass_forecast,1439,,61.258600954
2019,biomass_forecast,1440,,152.340017483
2019,biomass_forecast,1441,,208.606415226
2019,biomass_forecast,1442,,152.197242213
2019,biomass_forecast,1443,,164.294473845
2019,biomass_forecast,1444,,88.216316446
2019,biomass_forecast,1445,,42.251257563
2019,biomass_forecast,1446,,41.560515056
2019,biomass_forecast,1447,,75.354806964
2019,biomass_forecast,1448,,79.234687022
2019,biomass_forecast,1449,,81.19795235
2019,biomass_forecast,1450,,81.610179801
2019,biomass_forecast,1451,,63.695380449
2019,biomass_forecast,1452,,59.64890753
2019,biomass_forecast,1453,,114.897091465
2019,biomass_forecast,1454,,369.18473307
2019,biomass_forecast,1455,,174.869248505
2019,biomass_forecast,1456,,202.025360441
2019,biomass_forecast,1457,,216.049250125
2019,biomass_forecast,1458,,176.023358834
2019,biomass_forecast,1459,,121.307997245
2019,biomass_forecast,1460,,227.821126071
2019,biomass_forecast,1461,,422.575074209
2019,biomass_forecast,1462,,261.862094882
2019,biomass_forecast,1463,,208.044092235
2019,biomass_forecast,1464,,154.171327691
2019,biomass_forecast,1465,,106.281224719
2019,biomass_forecast,1466,,218.789649494
2019,biomass_forecast,1467,,264.626453209
2019,biomass_forecast,1468,,204.502298247
2019,biomass_forecast,1469,,277.558928961
2019,biomass_forecast,1470,,293.840542009
2019,biomass_forecast,1471,,308.046507794
2019,biomass_forecast,1472,,309.225862505
2019,biomass_forecast,1473,,336.623390577
2019,biomass_forecast,1474,,508.188883604
2019,biomass_forecast,1475,,248.050372238
2019,biomass_forecast,1476,,74.774761022
2019,biomass_forecast,1477,,3.036219325
2019,biomass_forecast,1478,,218.044076376
2019,biomass_forecast,1479,,137.305340483
2019,biomass_forecast,1480,,148.625290678
2019,biomass_forecast,1481,,208.312021006
2019,biomass_forecast,1482,,519.048500047
2019,biomass_forecast,1483,,417.483110785
2019,biomass_forecast,1484,,466.410960191
2019,biomass_forecast,1485,,237.931915921
2019,biomass_forecast,1486,,305.420159133
2019,biomass_forecast,1487,,265.347207025
2019,biomass_forecast,1488,,314.53025325
2019,biomass_forecast,1489,,350.84128368
2019,biomass_forecast,1490,,284.876484782
2019,biomass_forecast,1491,,360.472380902
2019,biomass_forecast,1492,,352.953010027
2019,biomass_forecast,1493,,239.260947672
2019,biomass_forecast,1494,,280.651146013
2019,biomass_forecast,1495,,258.025846439
2019,biomass_forecast,1496,,213.275992431
2019,biomass_forecast,1497,,89.949707211
2019,biomass_forecast,1498,,0.83797916
2019,biomass_forecast,1499,,0.380694991
2019,biomass_forecast,1500,,49.168258344
2019,biomass_forecast,1501,,203.208899141
2019,biomass_forecast,1502,,71.342395132
2019,biomass_forecast,1503,,101.177141067
2019,biomass_forecast,1504,,173.757531472
2019,biomass_forecast,1505,,130.179971372
2019,biomass_forecast,1506,,64.760545439
2019,biomass_forecast,1507,,70.691478321
2019,biomass_forecast,1508,,40.958379984
2019,biomass_forecast,1509,,29.040052505
2019,biomass_forecast,1510,,63.1845899
2019,biomass_forecast,1511,,184.990260111
2019,biomass_forecast,1512,,271.007388737
2019,biomass_forecast,1513,,148.390682425
2019,biomass_forecast,1514,,278.022399457
2019,biomass_forecast,1515,,448.573435019
2019,biomass_forecast,1516,,61.842365414
2019,biomass_forecast,1517,,264.430656551
2019,biomass_forecast,1518,,298.20255613
2019,biomass_forecast,1519,,283.107989318
2019,biomass_forecast,1520,,286.832998756
2019,biomass_forecast,1521,,256.357278831
2019,biomass_forecast,1522,,357.600513468
2019,biomass_forecast,1523,,257.883751875
2019,biomass_forecast,1524,,179.282641891
2019,biomass_forecast,1525,,175.136925705
2019,biomass_forecast,1526,,112.076662613
2019,biomass_forecast,1527,,18.943223641
2019,biomass_forecast,1528,,65.869992858
2019,biomass_forecast,1529,,223.535233518
2019,biomass_forecast,1530,,401.406935622
2019,biomass_forecast,1531,,384.425830623
2019,biomass_forecast,1532,,309.294286617
2019,biomass_forecast,1533,,140.549864542
2019,biomass_forecast,1534,,98.27977804
2019,biomass_forecast,1535,,186.945215205
2019,biomass_forecast,1536,,146.1162109
2019,biomass_forecast,1537,,30.583263755
2019,biomass_forecast,1538,,7.725231144
2019,biomass_forecast,1539,,143.143257138
2019,biomass_forecast,1540,,116.682477602
2019,biomass_forecast,1541,,379.217392985
2019,biomass_forecast,1542,,272.725033709
2019,biomass_forecast,1543,,362.07137598
2019,biomass_forecast,1544,,446.003793743
2019,biomass_forecast,1545,,294.631903566
2019,biomass_forecast,1546,,299.098297876
2019,biomass_forecast,1547,,400.414286422
2019,biomass_forecast,1548,,368.997671947
2019,biomass_forecast,1549,,467.524015016
2019,biomass_forecast,1550,,211.280155822
2019,biomass_forecast,1551,,208.359370095
2019,biomass_forecast,1552,,283.092299047
2019,biomass_forecast,1553,,232.980562986
2019,biomass_forecast,1554,,216.596330149
2019,biomass_forecast,1555,,210.53815975
2019,biomass_forecast,1556,,109.923543284
2019,biomass_forecast,1557,,87.067848386
2019,biomass_forecast,1558,,20.814851805
2019,biomass_forecast,1559,,9.126327573
2019,biomass_forecast,1560,,0.322402484
2019,biomass_forecast,1561,,50.421639805
2019,biomass_forecast,1562,,143.395510863
2019,biomass_forecast,1563,,117.316706986
2019,biomass_forecast,1564,,165.816135836
2019,biomass_forecast,1565,,100.798157805
2019,biomass_forecast,1566,,84.517874739
2019,biomass_forecast,1567,,88.81135228
2019,biomass_forecast,1568,,75.644164628
2019,biomass_forecast,1569,,118.691506819
2019,biomass_forecast,1570,,224.12902391
2019,biomass_forecast,1571,,255.852574693
2019,biomass_forecast,1572,,219.897036183
2019,biomass_forecast,1573,,67.412618416
2019,biomass_forecast,1574,,82.949544945
2019,biomass_forecast,1575,,264.812479143
2019,biomass_forecast,1576,,389.787956557
2019,biomass_forecast,1577,,210.333566979
2019,biomass_forecast,1578,,253.268988128
2019,biomass_forecast,1579,,263.597013937
2019,biomass_forecast,1580,,246.709120739
2019,biomass_forecast,1581,,473.39922334
2019,biomass_forecast,1582,,329.66974069
2019,biomass_forecast,1583,,362.081677438
2019,biomass_forecast,1584,,436.309016694
2019,biomass_forecast,1585,,236.995141606
2019,biomass_forecast,1586,,305.754303
2019,biomass_forecast,1587,,140.3365021
2019,biomass_forecast,1588,,141.992450662
2019,biomass_forecast,1589,,179.761083545
2019,biomass_forecast,1590,,392.269194114
2019,biomass_forecast,1591,,349.878619761
2019,biomass_forecast,1592,,490.43894414
2019,biomass_forecast,1593,,360.116090469
2019,biomass_forecast,1594,,375.870448083
2019,biomass_forecast,1595,,215.19723499
2019,biomass_forecast,1596,,14.46201663
2019,biomass_forecast,1597,,36.745488871
2019,biomass_forecast,1598,,7.396756863
2019,biomass_forecast,1599,,26.067220327
2019,biomass_forecast,1600,,234.094539606
2019,biomass_forecast,1601,,128.10667998
2019,biomass_forecast,1602,,178.669633439
2019,biomass_forecast,1603,,296.389515644
2019,biomass_forecast,1604,,430.188902369
2019,biomass_forecast,1605,,367.007203453
2019,biomass_forecast,1606,,397.638344129
2019,biomass_forecast,1607,,376.616417882
2019,biomass_forecast,1608,,348.992745164
2019,biomass_forecast,1609,,202.67852922
2019,biomass_forecast,1610,,182.307217196
2019,biomass_forecast,1611,,132.0914196
2019,biomass_forecast,1612,,362.539855322
2019,biomass_forecast,1613,,186.872585656
2019,biomass_forecast,1614,,199.193748785
2019,biomass_forecast,1615,,75.213561087
2019,biomass_forecast,1616,,0.848130333
2019,biomass_forecast,1617,,0.038514747
2019,biomass_forecast,1618,,7.845865369
2019,biomass_forecast,1619,,1.890372127
2019,biomass_forecast,1620,,5.40899581
2019,biomass_forecast,1621,,79.645808654
2019,biomass_forecast,1622,,118.562715983
2019,biomass_forecast,1623,,213.31303577
2019,biomass_forecast,1624,,137.889830815
2019,biomass_forecast,1625,,93.517607684
2019,biomass_forecast,1626,,115.651657121
2019,biomass_forecast,1627,,174.304111907
2019,biomass_forecast,1628,,493.073607542
2019,biomass_forecast,1629,,183.706099817
2019,biomass_forecast,1630,,305.405200781
2019,biomass_forecast,1631,,60.759822377
2019,biomass_forecast,1632,,148.883094997
2019,biomass_forecast,1633,,136.801056139
2019,biomass_forecast,1634,,323.238661292
2019,biomass_forecast,1635,,432.460640868
2019,biomass_forecast,1636,,261.894210424
2019,biomass_forecast,1637,,290.961474691
2019,biomass_forecast,1638,,418.882937906
2019,biomass_forecast,1639,,251.5826249
2019,biomass_forecast,1640,,437.586803733
2019,biomass_forecast,1641,,361.348720551
2019,biomass_forecast,1642,,293.939585685
2019,biomass_forecast,1643,,317.569724019
2019,biomass_forecast,1644,,320.459755689
2019,biomass_forecast,1645,,331.284015921
2019,biomass_forecast,1646,,145.858889403
2019,biomass_forecast,1647,,156.150521266
2019,biomass_forecast,1648,,107.702714413
2019,biomass_forecast,1649,,311.775359673
2019,biomass_forecast,1650,,207.700640447
2019,biomass_forecast,1651,,376.369032856
2019,biomass_forecast,1652,,521.429411512
2019,biomass_forecast,1653,,402.370698198
2019,biomass_forecast,1654,,226.671237113
2019,biomass_forecast,1655,,29.170619514
2019,biomass_forecast,1656,,57.957888232
2019,biomass_forecast,1657,,10.557957238
2019,biomass_forecast,1658,,0.694715669
2019,biomass_forecast,1659,,97.540745224
2019,biomass_forecast,1660,,271.927951767
2019,biomass_forecast,1661,,384.841835794
2019,biomass_forecast,1662,,330.74420957
2019,biomass_forecast,1663,,284.390664729
2019,biomass_forecast,1664,,221.432715163
2019,biomass_forecast,1665,,385.431807235
2019,biomass_forecast,1666,,305.204336899
2019,biomass_forecast,1667,,340.159060671
2019,biomass_forecast,1668,,288.2799683
2019,biomass_forecast,1669,,219.05424405
2019,biomass_forecast,1670,,321.28632794
2019,biomass_forecast,1671,,232.843842088
2019,biomass_forecast,1672,,154.061106367
2019,biomass_forecast,1673,,68.067039735
2019,biomass_forecast,1674,,7.027899604
2019,biomass_forecast,1675,,0.796226025
2019,biomass_forecast,1676,,15.009121019
2019,biomass_forecast,1677,,52.608873251
2019,biomass_forecast,1678,,126.285171016
2019,biomass_forecast,1679,,217.326463935
2019,biomass_forecast,1680,,92.621993515
2019,biomass_forecast,1681,,13.922769915
2019,biomass_forecast,1682,,98.874200259
2019,biomass_forecast,1683,,227.892084871
2019,biomass_forecast,1684,,49.211593586
2019,biomass_forecast,1685,,216.246435772
2019,biomass_forecast,1686,,224.029994201
2019,biomass_forecast,1687,,388.180345544
2019,biomass_forecast,1688,,260.50299916
2019,biomass_forecast,1689,,235.213980201
2019,biomass_forecast,1690,,317.286979679
2019,biomass_forecast,1691,,234.6421578
2019,biomass_forecast,1692,,299.839816584
2019,biomass_forecast,1693,,387.551712338
2019,biomass_forecast,1694,,280.530609873
2019,biomass_forecast,1695,,328.303303765
2019,biomass_forecast,1696,,1.528670154
2019,biomass_forecast,1697,,387.302879271
2019,biomass_forecast,1698,,274.181391781
2019,biomass_forecast,1699,,405.5850788
2019,biomass_forecast,1700,,408.868816375
2019,biomass_forecast,1701,,287.687819462
2019,biomass_forecast,1702,,81.101742427
2019,biomass_forecast,1703,,146.550151133
2019,biomass_forecast,1704,,117.642646715
2019,biomass_forecast,1705,,250.093702106
2019,biomass_forecast,1706,,315.284905249
2019,biomass_forecast,1707,,467.462632476
2019,biomass_forecast,1708,,291.803186119
2019,biomass_forecast,1709,,129.294966424
2019,biomass_forecast,1710,,49.50247937
2019,biomass_forecast,1711,,113.268226848
2019,biomass_forecast,1712,,19.544062664
2019,biomass_forecast,1713,,47.651972019
2019,biomass_forecast,1714,,250.433118837
2019,biomass_forecast,1715,,340.600983567
2019,biomass_forecast,1716,,359.723607149
2019,biomass_forecast,1717,,324.548257138
2019,biomass_forecast,1718,,262.185940651
2019,biomass_forecast,1719,,326.928694766
2019,biomass_forecast,1720,,268.819467996
2019,biomass_forecast,1721,,257.517396454
2019,biomass_forecast,1722,,264.118897733
2019,biomass_forecast,1723,,333.867121671
2019,biomass_forecast,1724,,160.34321407
2019,biomass_forecast,1725,,109.429546379
2019,biomass_forecast,1726,,90.997889708
2019,biomass_forecast,1727,,12.161594019
2019,biomass_forecast,1728,,3.434044383
2019,biomass_forecast,1729,,0.096772462
2019,biomass_forecast,1730,,0.119998708
2019,biomass_forecast,1731,,22.086825614
2019,biomass_forecast,1732,,93.954311248
2019,biomass_forecast,1733,,92.698223838
2019,biomass_forecast,1734,,75.350684105
2019,biomass_forecast,1735,,4.24410097
2019,biomass_forecast,1736,,75.033648296
2019,biomass_forecast,1737,,164.460437876
2019,biomass_forecast,1738,,40.862758026
2019,biomass_forecast,1739,,45.410977253
2019,biomass_forecast,1740,,293.67184937
2019,biomass_forecast,1741,,367.676827435
2019,biomass_forecast,1742,,405.827728269
2019,biomass_forecast,1743,,334.870828629
2019,biomass_forecast,1744,,228.310600995
2019,biomass_forecast,1745,,272.674765567
2019,biomass_forecast,1746,,262.667159081
2019,biomass_forecast,1747,,271.539596569
2019,biomass_forecast,1748,,409.1228943
2019,biomass_forecast,1749,,367.894969168
2019,biomass_forecast,1750,,422.071333889
2019,biomass_forecast,1751,,443.177735555
2019,biomass_forecast,1752,,601.967234031
2019,biomass_forecast,1753,,539.584724475
2019,biomass_forecast,1754,,589.969649432
2019,biomass_forecast,1755,,323.770807781
2019,biomass_forecast,1756,,186.928288859
2019,biomass_forecast,1757,,175.876273808
2019,biomass_forecast,1758,,246.639984919
2019,biomass_forecast,1759,,503.532669
2019,biomass_forecast,1760,,342.554368369
2019,biomass_forecast,1761,,483.571977274
2019,biomass_forecast,1762,,327.837479282
2019,biomass_forecast,1763,,156.7875214
2019,biomass_forecast,1764,,147.709907716
2019,biomass_forecast,1765,,51.982631977
2019,biomass_forecast,1766,,55.08886337
2019,biomass_forecast,1767,,0.583013021
2019,biomass_forecast,1768,,117.17721338
2019,biomass_forecast,1769,,222.036726
2019,biomass_forecast,1770,,380.39755276
2019,biomass_forecast,1771,,367.535848853
2019,biomass_forecast,1772,,296.608097878
2019,biomass_forecast,1773,,279.594451757
2019,biomass_forecast,1774,,295.54543848
2019,biomass_forecast,1775,,204.519942134
2019,biomass_forecast,1776,,204.700451935
2019,biomass_forecast,1777,,95.355481094
2019,biomass_forecast,1778,,11.684864927
2019,biomass_forecast,1779,,45.747687911
2019,biomass_forecast,1780,,6.071934311
2019,biomass_forecast,1781,,0.287480062
2019,biomass_forecast,1782,,1.190096153
2019,biomass_forecast,1783,,6.319564718
2019,biomass_forecast,1784,,0.398050853
2019,biomass_forecast,1785,,0.064098711
2019,biomass_forecast,1786,,37.852733745
2019,biomass_forecast,1787,,94.638569047
2019,biomass_forecast,1788,,70.769970676
2019,biomass_forecast,1789,,47.508067121
2019,biomass_forecast,1790,,68.888438789
2019,biomass_forecast,1791,,42.816076239
2019,biomass_forecast,1792,,41.35617814
2019,biomass_forecast,1793,,56.659244619
2019,biomass_forecast,1794,,173.994484926
2019,biomass_forecast,1795,,329.760806565
2019,biomass_forecast,1796,,382.316823959
2019,biomass_forecast,1797,,401.890898253
2019,biomass_forecast,1798,,393.899149295
2019,biomass_forecast,1799,,323.400314955
2019,biomass_forecast,1800,,358.830035682
2019,biomass_forecast,1801,,338.963255419
2019,biomass_forecast,1802,,320.9718933
2019,biomass_forecast,1803,,307.678414867
2019,biomass_forecast,1804,,557.216610524
2019,biomass_forecast,1805,,436.952298647
2019,biomass_forecast,1806,,253.683289769
2019,biomass_forecast,1807,,645.192560341
2019,biomass_forecast,1808,,609.106125293
2019,biomass_forecast,1809,,465.023544325
2019,biomass_forecast,1810,,478.031497938
2019,biomass_forecast,1811,,452.434375762
2019,biomass_forecast,1812,,221.143050011
2019,biomass_forecast,1813,,460.0229035
2019,biomass_forecast,1814,,167.166042903
2019,biomass_forecast,1815,,186.967968826
2019,biomass_forecast,1816,,92.56860352
2019,biomass_forecast,1817,,48.143710614
2019,biomass_forecast,1818,,123.826063072
2019,biomass_forecast,1819,,249.198470013
2019,biomass_forecast,1820,,254.171242922
2019,biomass_forecast,1821,,121.3234482
2019,biomass_forecast,1822,,0.615683425
2019,biomass_forecast,1823,,8.106988518
2019,biomass_forecast,1824,,88.957991367
2019,biomass_forecast,1825,,160.183582145
2019,biomass_forecast,1826,,177.626443355
2019,biomass_forecast,1827,,217.455464377
2019,biomass_forecast,1828,,90.472820771
2019,biomass_forecast,1829,,189.412352813
2019,biomass_forecast,1830,,224.031647406
2019,biomass_forecast,1831,,188.5349426
2019,biomass_forecast,1832,,83.560326102
2019,biomass_forecast,1833,,32.34095423
2019,biomass_forecast,1834,,50.878126449
2019,biomass_forecast,1835,,51.853343304
2019,biomass_forecast,1836,,111.38475597
2019,biomass_forecast,1837,,39.418261047
2019,biomass_forecast,1838,,26.013416528
2019,biomass_forecast,1839,,3.358913045
2019,biomass_forecast,1840,,3.947168993
2019,biomass_forecast,1841,,4.807139909
2019,biomass_forecast,1842,,10.662516493
2019,biomass_forecast,1843,,52.622977772
2019,biomass_forecast,1844,,80.691452518
2019,biomass_forecast,1845,,197.208058946
2019,biomass_forecast,1846,,121.75453681
2019,biomass_forecast,1847,,237.297202319
2019,biomass_forecast,1848,,287.051186393
2019,biomass_forecast,1849,,296.886576617
2019,biomass_forecast,1850,,1.09414428
2019,biomass_forecast,1851,,126.672732062
2019,biomass_forecast,1852,,74.521083682
2019,biomass_forecast,1853,,128.66954592
2019,biomass_forecast,1854,,197.300906329
2019,biomass_forecast,1855,,144.4621582
2019,biomass_forecast,1856,,305.800756394
2019,biomass_forecast,1857,,465.342087945
2019,biomass_forecast,1858,,725.040615655
2019,biomass_forecast,1859,,671.906395288
2019,biomass_forecast,1860,,474.434467313
2019,biomass_forecast,1861,,318.029623552
2019,biomass_forecast,1862,,492.2443784
2019,biomass_forecast,1863,,220.1535335
2019,biomass_forecast,1864,,248.756954075
2019,biomass_forecast,1865,,352.735573019
2019,biomass_forecast,1866,,487.528674437
2019,biomass_forecast,1867,,455.383947724
2019,biomass_forecast,1868,,319.779419937
2019,biomass_forecast,1869,,145.751191138
2019,biomass_forecast,1870,,143.864848912
2019,biomass_forecast,1871,,122.325838217
2019,biomass_forecast,1872,,190.049738679
2019,biomass_forecast,1873,,305.814650345
2019,biomass_forecast,1874,,168.621082255
2019,biomass_forecast,1875,,0.763836303
2019,biomass_forecast,1876,,0.28095238
2019,biomass_forecast,1877,,33.783446202
2019,biomass_forecast,1878,,212.87558412
2019,biomass_forecast,1879,,383.41875169
2019,biomass_forecast,1880,,158.178941738
2019,biomass_forecast,1881,,109.015775005
2019,biomass_forecast,1882,,344.949887632
2019,biomass_forecast,1883,,261.332801519
2019,biomass_forecast,1884,,235.518127728
2019,biomass_forecast,1885,,143.158829682
2019,biomass_forecast,1886,,151.551556596
2019,biomass_forecast,1887,,244.214284354
2019,biomass_forecast,1888,,173.83765424
2019,biomass_forecast,1889,,76.91953278
2019,biomass_forecast,1890,,17.817814469
2019,biomass_forecast,1891,,2.118006461
2019,biomass_forecast,1892,,0.075285138
2019,biomass_forecast,1893,,16.2744341
2019,biomass_forecast,1894,,17.30205765
2019,biomass_forecast,1895,,7.947626234
2019,biomass_forecast,1896,,4.936785841
2019,biomass_forecast,1897,,0.926053343
2019,biomass_forecast,1898,,2.636805018
2019,biomass_forecast,1899,,28.064535704
2019,biomass_forecast,1900,,41.858669483
2019,biomass_forecast,1901,,118.246768597
2019,biomass_forecast,1902,,146.962322813
2019,biomass_forecast,1903,,105.507495967
2019,biomass_forecast,1904,,144.958637348
2019,biomass_forecast,1905,,203.798407137
2019,biomass_forecast,1906,,171.422750166
2019,biomass_forecast,1907,,164.937108818
2019,biomass_forecast,1908,,75.250501932
2019,biomass_forecast,1909,,1.073088884
2019,biomass_forecast,1910,,67.65069605
2019,biomass_forecast,1911,,189.575324749
2019,biomass_forecast,1912,,81.840482002
2019,biomass_forecast,1913,,273.920767853
2019,biomass_forecast,1914,,490.443475737
2019,biomass_forecast,1915,,302.859008263
2019,biomass_forecast,1916,,368.421763412
2019,biomass_forecast,1917,,479.50927775
2019,biomass_forecast,1918,,278.69709507
2019,biomass_forecast,1919,,400.490440693
2019,biomass_forecast,1920,,386.673509657
2019,biomass_forecast,1921,,490.592014606
2019,biomass_forecast,1922,,380.007728394
2019,biomass_forecast,1923,,377.335491102
2019,biomass_forecast,1924,,331.025823894
2019,biomass_forecast,1925,,184.806680448
2019,biomass_forecast,1926,,175.015368084
2019,biomass_forecast,1927,,131.0708466
2019,biomass_forecast,1928,,119.081722187
2019,biomass_forecast,1929,,129.797577844
2019,biomass_forecast,1930,,140.125298058
2019,biomass_forecast,1931,,39.032634333
2019,biomass_forecast,1932,,1.162682332
2019,biomass_forecast,1933,,64.38723755
2019,biomass_forecast,1934,,244.082365352
2019,biomass_forecast,1935,,330.428751511
2019,biomass_forecast,1936,,441.712800707
2019,biomass_forecast,1937,,182.130254108
2019,biomass_forecast,1938,,136.096668714
2019,biomass_forecast,1939,,179.318557802
2019,biomass_forecast,1940,,260.093861301
2019,biomass_forecast,1941,,219.475935832
2019,biomass_forecast,1942,,55.656974669
2019,biomass_forecast,1943,,183.9376526
2019,biomass_forecast,1944,,149.531214621
2019,biomass_forecast,1945,,335.490811282
2019,biomass_forecast,1946,,214.272068022
2019,biomass_forecast,1947,,134.955406822
2019,biomass_forecast,1948,,42.17694855
2019,biomass_forecast,1949,,24.015009209
2019,biomass_forecast,1950,,79.641602369
2019,biomass_forecast,1951,,90.7374913
2019,biomass_forecast,1952,,74.396372234
2019,biomass_forecast,1953,,61.682063623
2019,biomass_forecast,1954,,8.700310006
2019,biomass_forecast,1955,,0.000841995
2019,biomass_forecast,1956,,5.421039301
2019,biomass_forecast,1957,,56.582520513
2019,biomass_forecast,1958,,153.072445899
2019,biomass_forecast,1959,,71.312513575
2019,biomass_forecast,1960,,122.952931883
2019,biomass_forecast,1961,,84.557491181
2019,biomass_forecast,1962,,89.66986729
2019,biomass_forecast,1963,,90.70178223
2019,biomass_forecast,1964,,130.357441585
2019,biomass_forecast,1965,,117.603583463
2019,biomass_forecast,1966,,59.017867804
2019,biomass_forecast,1967,,112.778304995
2019,biomass_forecast,1968,,158.69863493
2019,biomass_forecast,1969,,103.218473333
2019,biomass_forecast,1970,,227.150290783
2019,biomass_forecast,1971,,393.780174938
2019,biomass_forecast,1972,,574.181421543
2019,biomass_forecast,1973,,435.599291539
2019,biomass_forecast,1974,,611.737667062
2019,biomass_forecast,1975,,533.060152805
2019,biomass_forecast,1976,,494.109431251
2019,biomass_forecast,1977,,315.07577135
2019,biomass_forecast,1978,,248.173740985
2019,biomass_forecast,1979,,259.551274491
2019,biomass_forecast,1980,,193.636530916
2019,biomass_forecast,1981,,158.745986312
2019,biomass_forecast,1982,,42.428548246
2019,biomass_forecast,1983,,88.826212465
2019,biomass_forecast,1984,,269.003084746
2019,biomass_forecast,1985,,223.499680179
2019,biomass_forecast,1986,,137.01035313
2019,biomass_forecast,1987,,58.804069867
2019,biomass_forecast,1988,,2.664420842
2019,biomass_forecast,1989,,1.498433128
2019,biomass_forecast,1990,,86.479138862
2019,biomass_forecast,1991,,129.1389008
2019,biomass_forecast,1992,,226.176591327
2019,biomass_forecast,1993,,210.23542675
2019,biomass_forecast,1994,,229.329494336
2019,biomass_forecast,1995,,141.532579606
2019,biomass_forecast,1996,,138.194415258
2019,biomass_forecast,1997,,172.457653561
2019,biomass_forecast,1998,,126.310159117
2019,biomass_forecast,1999,,50.329842986
2019,biomass_forecast,2000,,58.809859558
2019,biomass_forecast,2001,,142.699879229
2019,biomass_forecast,2002,,187.240023525
2019,biomass_forecast,2003,,136.1547228
2019,biomass_forecast,2004,,139.23382089
2019,biomass_forecast,2005,,47.280121508
2019,biomass_forecast,2006,,45.442219879
2019,biomass_forecast,2007,,22.349246965
2019,biomass_forecast,2008,,24.078767166
2019,biomass_forecast,2009,,28.108030898
2019,biomass_forecast,2010,,21.924544202
2019,biomass_forecast,2011,,2.765517051
2019,biomass_forecast,2012,,31.574957854
2019,biomass_forecast,2013,,119.978504177
2019,biomass_forecast,2014,,65.74972534
2019,biomass_forecast,2015,,193.90943958
2019,biomass_forecast,2016,,117.238391215
2019,biomass_forecast,2017,,178.868839563
2019,biomass_forecast,2018,,197.494754602
2019,biomass_forecast,2019,,110.975525409
2019,biomass_forecast,2020,,122.462665977
2019,biomass_forecast,2021,,68.203581606
2019,biomass_forecast,2022,,85.145603308
2019,biomass_forecast,2023,,145.603821787
2019,biomass_forecast,2024,,148.405414293
2019,biomass_forecast,2025,,93.679048754
2019,biomass_forecast,2026,,404.632292078
2019,biomass_forecast,2027,,232.105479248
2019,biomass_forecast,2028,,236.499509623
2019,biomass_forecast,2029,,493.024774562
2019,biomass_forecast,2030,,379.895823801
2019,biomass_forecast,2031,,456.1924839
2019,biomass_forecast,2032,,339.431810388
2019,biomass_forecast,2033,,368.183307972
2019,biomass_forecast,2034,,276.777933651
2019,biomass_forecast,2035,,272.3363342
2019,biomass_forecast,2036,,216.3874817
2019,biomass_forecast,2037,,146.057379223
2019,biomass_forecast,2038,,325.719109987
2019,biomass_forecast,2039,,440.341609229
2019,biomass_forecast,2040,,431.841362018
2019,biomass_forecast,2041,,166.564679878
2019,biomass_forecast,2042,,1.437175004
2019,biomass_forecast,2043,,3.009842389
2019,biomass_forecast,2044,,131.293691704
2019,biomass_forecast,2045,,283.02872599
2019,biomass_forecast,2046,,325.606580087
2019,biomass_forecast,2047,,265.847902504
2019,biomass_forecast,2048,,233.150214147
2019,biomass_forecast,2049,,214.121826401
2019,biomass_forecast,2050,,273.124577687
2019,biomass_forecast,2051,,171.96862381
2019,biomass_forecast,2052,,201.353729936
2019,biomass_forecast,2053,,21.032226932
2019,biomass_forecast,2054,,2.613057931
2019,biomass_forecast,2055,,6.840613288
2019,biomass_forecast,2056,,5.835258097
2019,biomass_forecast,2057,,7.183603076
2019,biomass_forecast,2058,,11.094957081
2019,biomass_forecast,2059,,19.67503166
2019,biomass_forecast,2060,,12.493381893
2019,biomass_forecast,2061,,0.884279383
2019,biomass_forecast,2062,,0.005025972
2019,biomass_forecast,2063,,10.822881925
2019,biomass_forecast,2064,,59.913031256
2019,biomass_forecast,2065,,146.044837848
2019,biomass_forecast,2066,,118.583640553
2019,biomass_forecast,2067,,119.436054308
2019,biomass_forecast,2068,,186.938629966
2019,biomass_forecast,2069,,145.692455179
2019,biomass_forecast,2070,,92.853522699
2019,biomass_forecast,2071,,21.049818754
2019,biomass_forecast,2072,,46.437283733
2019,biomass_forecast,2073,,84.149348134
2019,biomass_forecast,2074,,56.26599121
2019,biomass_forecast,2075,,15.154276894
2019,biomass_forecast,2076,,90.653891322
2019,biomass_forecast,2077,,172.817632669
2019,biomass_forecast,2078,,169.462789141
2019,biomass_forecast,2079,,304.168188635
2019,biomass_forecast,2080,,224.543177726
2019,biomass_forecast,2081,,196.589127359
2019,biomass_forecast,2082,,138.080613107
2019,biomass_forecast,2083,,102.252034394
2019,biomass_forecast,2084,,88.604445039
2019,biomass_forecast,2085,,61.97848343
2019,biomass_forecast,2086,,136.6505737
2019,biomass_forecast,2087,,320.684045984
2019,biomass_forecast,2088,,338.014208525
2019,biomass_forecast,2089,,441.60394235
2019,biomass_forecast,2090,,336.186440935
2019,biomass_forecast,2091,,35.04001313
2019,biomass_forecast,2092,,10.970688634
2019,biomass_forecast,2093,,190.834364811
2019,biomass_forecast,2094,,290.655830561
2019,biomass_forecast,2095,,226.187409537
2019,biomass_forecast,2096,,239.317173588
2019,biomass_forecast,2097,,269.223437622
2019,biomass_forecast,2098,,219.329966822
2019,biomass_forecast,2099,,208.983079882
2019,biomass_forecast,2100,,239.856000608
2019,biomass_forecast,2101,,222.007809117
2019,biomass_forecast,2102,,108.837329863
2019,biomass_forecast,2103,,48.135749305
2019,biomass_forecast,2104,,18.65092447
2019,biomass_forecast,2105,,0.510530898
2019,biomass_forecast,2106,,0.034882634
2019,biomass_forecast,2107,,16.424207983
2019,biomass_forecast,2108,,7.080217834
2019,biomass_forecast,2109,,3.331040285
2019,biomass_forecast,2110,,0.090499806
2019,biomass_forecast,2111,,7.214567157
2019,biomass_forecast,2112,,163.484143985
2019,biomass_forecast,2113,,120.846017703
2019,biomass_forecast,2114,,98.421159994
2019,biomass_forecast,2115,,83.597236412
2019,biomass_forecast,2116,,63.225242271
2019,biomass_forecast,2117,,38.38095111
2019,biomass_forecast,2118,,4.483255162
2019,biomass_forecast,2119,,1.399487923
2019,biomass_forecast,2120,,4.763381015
2019,biomass_forecast,2121,,6.615980472
2019,biomass_forecast,2122,,0.266706452
2019,biomass_forecast,2123,,8.787088829
2019,biomass_forecast,2124,,36.133120628
2019,biomass_forecast,2125,,73.506884806
2019,biomass_forecast,2126,,16.845719474
2019,biomass_forecast,2127,,110.429750053
2019,biomass_forecast,2128,,248.66376305
2019,biomass_forecast,2129,,227.736488341
2019,biomass_forecast,2130,,151.31017207
2019,biomass_forecast,2131,,291.2034608
2019,biomass_forecast,2132,,243.162705989
2019,biomass_forecast,2133,,268.027195829
2019,biomass_forecast,2134,,308.98359913
2019,biomass_forecast,2135,,354.864708764
2019,biomass_forecast,2136,,468.541694951
2019,biomass_forecast,2137,,261.708159775
2019,biomass_forecast,2138,,15.128187406
2019,biomass_forecast,2139,,12.25257683
2019,biomass_forecast,2140,,79.684937765
2019,biomass_forecast,2141,,109.221569978
2019,biomass_forecast,2142,,41.598610889
2019,biomass_forecast,2143,,306.029201955
2019,biomass_forecast,2144,,308.20806885
2019,biomass_forecast,2145,,276.992842497
2019,biomass_forecast,2146,,197.465809633
2019,biomass_forecast,2147,,262.969066294
2019,biomass_forecast,2148,,226.127531909
2019,biomass_forecast,2149,,173.62548378
2019,biomass_forecast,2150,,109.427784681
2019,biomass_forecast,2151,,89.185368433
2019,biomass_forecast,2152,,28.865870315
2019,biomass_forecast,2153,,38.232235826
2019,biomass_forecast,2154,,28.078736163
2019,biomass_forecast,2155,,1.034836598
2019,biomass_forecast,2156,,0.393499972
2019,biomass_forecast,2157,,37.203057692
2019,biomass_forecast,2158,,79.40942383
2019,biomass_forecast,2159,,115.183468105
2019,biomass_forecast,2160,,93.072426303
2019,biomass_forecast,2161,,44.73879343
2019,biomass_forecast,2162,,32.35942841
2019,biomass_forecast,2163,,52.971691449
2019,biomass_forecast,2164,,39.523297524
2019,biomass_forecast,2165,,12.587053019
2019,biomass_forecast,2166,,6.707151046
2019,biomass_forecast,2167,,22.211325542
2019,biomass_forecast,2168,,9.552177111
2019,biomass_forecast,2169,,162.482694621
2019,biomass_forecast,2170,,165.02551897
2019,biomass_forecast,2171,,243.013460881
2019,biomass_forecast,2172,,275.167354571
2019,biomass_forecast,2173,,487.932882134
2019,biomass_forecast,2174,,672.3764954
2019,biomass_forecast,2175,,348.21234093
2019,biomass_forecast,2176,,296.038433127
2019,biomass_forecast,2177,,229.460503539
2019,biomass_forecast,2178,,113.939000116
2019,biomass_forecast,2179,,5.692802981
2019,biomass_forecast,2180,,0.291521122
2019,biomass_forecast,2181,,2.798514237
2019,biomass_forecast,2182,,7.299196862
2019,biomass_forecast,2183,,37.754031514
2019,biomass_forecast,2184,,101.032392062
2019,biomass_forecast,2185,,298.340578309
2019,biomass_forecast,2186,,233.995343863
2019,biomass_forecast,2187,,159.228084929
2019,biomass_forecast,2188,,164.287778013
2019,biomass_forecast,2189,,182.395734606
2019,biomass_forecast,2190,,202.883662086
2019,biomass_forecast,2191,,147.949493232
2019,biomass_forecast,2192,,153.911502412
2019,biomass_forecast,2193,,98.408107125
2019,biomass_forecast,2194,,41.689949997
2019,biomass_forecast,2195,,17.255527685
2019,biomass_forecast,2196,,5.314269053
2019,biomass_forecast,2197,,0.085646
2019,biomass_forecast,2198,,5.53838842
2019,biomass_forecast,2199,,135.854109138
2019,biomass_forecast,2200,,120.27387816
2019,biomass_forecast,2201,,153.880378376
2019,biomass_forecast,2202,,108.929734473
2019,biomass_forecast,2203,,295.880740883
2019,biomass_forecast,2204,,165.229908939
2019,biomass_forecast,2205,,64.275237084
2019,biomass_forecast,2206,,1.000474521
2019,biomass_forecast,2207,,0.814305248
2019,biomass_forecast,2208,,0.048292715
2019,biomass_forecast,2209,,0.4346135
2019,biomass_forecast,2210,,8.009313885
2019,biomass_forecast,2211,,35.088469113
2019,biomass_forecast,2212,,81.845126792
2019,biomass_forecast,2213,,517.416954483
2019,biomass_forecast,2214,,440.318862432
2019,biomass_forecast,2215,,327.963762458
2019,biomass_forecast,2216,,444.969222528
2019,biomass_forecast,2217,,273.860649025
2019,biomass_forecast,2218,,180.707007429
2019,biomass_forecast,2219,,14.177395331
2019,biomass_forecast,2220,,2.173428169
2019,biomass_forecast,2221,,5.27504739
2019,biomass_forecast,2222,,5.452963395
2019,biomass_forecast,2223,,67.78396578
2019,biomass_forecast,2224,,120.358290154
2019,biomass_forecast,2225,,162.262207604
2019,biomass_forecast,2226,,193.573135041
2019,biomass_forecast,2227,,177.87500453
2019,biomass_forecast,2228,,171.255199544
2019,biomass_forecast,2229,,161.986678826
2019,biomass_forecast,2230,,152.050716033
2019,biomass_forecast,2231,,116.798967252
2019,biomass_forecast,2232,,60.751321084
2019,biomass_forecast,2233,,37.918399192
2019,biomass_forecast,2234,,0.315944941
2019,biomass_forecast,2235,,1.372834289
2019,biomass_forecast,2236,,0.010516742
2019,biomass_forecast,2237,,13.942932193
2019,biomass_forecast,2238,,136.629198048
2019,biomass_forecast,2239,,219.259714004
2019,biomass_forecast,2240,,185.087786688
2019,biomass_forecast,2241,,166.082780687
2019,biomass_forecast,2242,,208.869390603
2019,biomass_forecast,2243,,190.945407165
2019,biomass_forecast,2244,,60.296414729
2019,biomass_forecast,2245,,40.294473508
2019,biomass_forecast,2246,,28.849491657
2019,biomass_forecast,2247,,123.535796514
2019,biomass_forecast,2248,,133.814090728
2019,biomass_forecast,2249,,100.543367779
2019,biomass_forecast,2250,,329.784297408
2019,biomass_forecast,2251,,353.829336162
2019,biomass_forecast,2252,,353.89305329
2019,biomass_forecast,2253,,62.750895286
2019,biomass_forecast,2254,,11.265563726
2019,biomass_forecast,2255,,9.167936711
2019,biomass_forecast,2256,,2.915995219
2019,biomass_forecast,2257,,0.484234781
2019,biomass_forecast,2258,,1.892369697
2019,biomass_forecast,2259,,5.292251584
2019,biomass_forecast,2260,,57.74989538
2019,biomass_forecast,2261,,90.883104796
2019,biomass_forecast,2262,,144.263364217
2019,biomass_forecast,2263,,192.03482866
2019,biomass_forecast,2264,,288.592479638
2019,biomass_forecast,2265,,227.048800822
2019,biomass_forecast,2266,,169.149781256
2019,biomass_forecast,2267,,98.805112521
2019,biomass_forecast,2268,,8.730764513
2019,biomass_forecast,2269,,2.127655724
2019,biomass_forecast,2270,,1.969390836
2019,biomass_forecast,2271,,0.147990389
2019,biomass_forecast,2272,,0.216722784
2019,biomass_forecast,2273,,0.056182593
2019,biomass_forecast,2274,,4.730391013
2019,biomass_forecast,2275,,23.946513712
2019,biomass_forecast,2276,,133.709603338
2019,biomass_forecast,2277,,153.040178439
2019,biomass_forecast,2278,,208.980588495
2019,biomass_forecast,2279,,169.572869411
2019,biomass_forecast,2280,,168.00792653
2019,biomass_forecast,2281,,121.925404626
2019,biomass_forecast,2282,,115.379709139
2019,biomass_forecast,2283,,170.263686149
2019,biomass_forecast,2284,,188.634206775
2019,biomass_forecast,2285,,97.80537236
2019,biomass_forecast,2286,,377.766706462
2019,biomass_forecast,2287,,206.972282134
2019,biomass_forecast,2288,,17.152518388
2019,biomass_forecast,2289,,1.436726766
2019,biomass_forecast,2290,,0.082910203
2019,biomass_forecast,2291,,35.542317254
2019,biomass_forecast,2292,,45.877965035
2019,biomass_forecast,2293,,69.714490035
2019,biomass_forecast,2294,,106.498189579
2019,biomass_forecast,2295,,136.688660761
2019,biomass_forecast,2296,,158.048798568
2019,biomass_forecast,2297,,136.591841452
2019,biomass_forecast,2298,,46.049486614
2019,biomass_forecast,2299,,0.949980823
2019,biomass_forecast,2300,,0.307946016
2019,biomass_forecast,2301,,0.247804628
2019,biomass_forecast,2302,,1.368805856
2019,biomass_forecast,2303,,0.019967314
2019,biomass_forecast,2304,,13.196923158
2019,biomass_forecast,2305,,38.978135804
2019,biomass_forecast,2306,,108.772242815
2019,biomass_forecast,2307,,176.807271704
2019,biomass_forecast,2308,,155.464375944
2019,biomass_forecast,2309,,87.392722253
2019,biomass_forecast,2310,,203.908995091
2019,biomass_forecast,2311,,59.056846469
2019,biomass_forecast,2312,,77.68294025
2019,biomass_forecast,2313,,34.323881946
2019,biomass_forecast,2314,,50.482500171
2019,biomass_forecast,2315,,9.293240474
2019,biomass_forecast,2316,,0.54979892
2019,biomass_forecast,2317,,1.989400229
2019,biomass_forecast,2318,,12.322567321
2019,biomass_forecast,2319,,73.225786746
2019,biomass_forecast,2320,,107.396872927
2019,biomass_forecast,2321,,109.850976349
2019,biomass_forecast,2322,,125.150194676
2019,biomass_forecast,2323,,92.883400156
2019,biomass_forecast,2324,,40.13210081
2019,biomass_forecast,2325,,3.172523607
2019,biomass_forecast,2326,,0.163930628
2019,biomass_forecast,2327,,2.0888038
2019,biomass_forecast,2328,,1.814204231
2019,biomass_forecast,2329,,0.71428259
2019,biomass_forecast,2330,,0.019676096
2019,biomass_forecast,2331,,1.290435553
2019,biomass_forecast,2332,,33.492239092
2019,biomass_forecast,2333,,33.214529115
2019,biomass_forecast,2334,,10.586951744
2019,biomass_forecast,2335,,39.451395596
2019,biomass_forecast,2336,,7.017570794
2019,biomass_forecast,2337,,1.380954498
2019,biomass_forecast,2338,,0.328628096
2019,biomass_forecast,2339,,0.377430562
2019,biomass_forecast,2340,,71.936964909
2019,biomass_forecast,2341,,89.081878929
2019,biomass_forecast,2342,,130.491999578
2019,biomass_forecast,2343,,162.582070623
2019,biomass_forecast,2344,,112.538653413
2019,biomass_forecast,2345,,37.263782142
2019,biomass_forecast,2346,,36.20241018
2019,biomass_forecast,2347,,2.504321465
2019,biomass_forecast,2348,,0.251790683
2019,biomass_forecast,2349,,0.186964665
2019,biomass_forecast,2350,,0.691299922
2019,biomass_forecast,2351,,0.35295886
2019,biomass_forecast,2352,,1.079152213
2019,biomass_forecast,2353,,47.804520319
2019,biomass_forecast,2354,,112.490615387
2019,biomass_forecast,2355,,108.533893897
2019,biomass_forecast,2356,,148.89072198
2019,biomass_forecast,2357,,66.260922784
2019,biomass_forecast,2358,,5.959522197
2019,biomass_forecast,2359,,3.907083929
2019,biomass_forecast,2360,,0.052499471
2019,biomass_forecast,2361,,0.011529132
2019,biomass_forecast,2362,,0.008604061
2019,biomass_forecast,2363,,4.838606284
2019,biomass_forecast,2364,,46.2029348
2019,biomass_forecast,2365,,117.3927536
2019,biomass_forecast,2366,,128.436431616
2019,biomass_forecast,2367,,97.954361988
2019,biomass_forecast,2368,,65.91443185
2019,biomass_forecast,2369,,2.326072052
2019,biomass_forecast,2370,,1.809391364
2019,biomass_forecast,2371,,1.508352898
2019,biomass_forecast,2372,,9.506296585
2019,biomass_forecast,2373,,59.609242967
2019,biomass_forecast,2374,,148.6906128
2019,biomass_forecast,2375,,96.002996523
2019,biomass_forecast,2376,,112.092044744
2019,biomass_forecast,2377,,22.368270589
2019,biomass_forecast,2378,,0.09352551
2019,biomass_forecast,2379,,2.043579439
2019,biomass_forecast,2380,,2.591382265
2019,biomass_forecast,2381,,2.960616493
2019,biomass_forecast,2382,,6.290450176
2019,biomass_forecast,2383,,58.715296823
2019,biomass_forecast,2384,,71.345154863
2019,biomass_forecast,2385,,84.428652128
2019,biomass_forecast,2386,,58.521780326
2019,biomass_forecast,2387,,0.709263208
2019,biomass_forecast,2388,,0.494882569
2019,biomass_forecast,2389,,0.346132768
2019,biomass_forecast,2390,,42.95692062
2019,biomass_forecast,2391,,35.776855711
2019,biomass_forecast,2392,,19.135309176
2019,biomass_forecast,2393,,41.352684645
2019,biomass_forecast,2394,,20.109114056
2019,biomass_forecast,2395,,6.971876883
2019,biomass_forecast,2396,,18.24806403
2019,biomass_forecast,2397,,27.801905883
2019,biomass_forecast,2398,,4.547914954
2019,biomass_forecast,2399,,0.023814152
2019,biomass_forecast,2400,,1.642442655
2019,biomass_forecast,2401,,42.560240509
2019,biomass_forecast,2402,,46.635954102
2019,biomass_forecast,2403,,23.376664605
2019,biomass_forecast,2404,,3.153344386
2019,biomass_forecast,2405,,6.082204986
2019,biomass_forecast,2406,,0.672966312
2019,biomass_forecast,2407,,8.186628412
2019,biomass_forecast,2408,,9.621759107
2019,biomass_forecast,2409,,2.201706051
2019,biomass_forecast,2410,,0.02239818
2019,biomass_forecast,2411,,0.065386713
2019,biomass_forecast,2412,,13.679524877
2019,biomass_forecast,2413,,6.216759154
2019,biomass_forecast,2414,,0.133776807
2019,biomass_forecast,2415,,0.044257011
2019,biomass_forecast,2416,,1.454379005
2019,biomass_forecast,2417,,0.163742396
